Date,Day of the week,CarCount,BikeCount,BusCount,TruckCount,Total,Traffic Situation,hour,minute,AM/PM
10,2,31,0,4,4,39,0,0,0,0
10,2,49,0,3,3,55,0,0,15,0
10,2,46,0,3,6,55,0,0,30,0
10,2,51,0,2,5,58,0,0,45,0
10,2,57,6,15,16,94,1,1,0,0
10,2,44,0,5,4,53,0,1,15,0
10,2,37,0,1,4,42,0,1,30,0
10,2,42,4,4,5,55,0,1,45,0
10,2,51,0,9,7,67,0,2,0,0
10,2,34,0,4,7,45,0,2,15,0
10,2,45,0,1,1,47,0,2,30,0
10,2,45,0,1,3,49,0,2,45,0
10,2,50,0,3,0,53,0,3,0,0
10,2,34,0,4,4,42,0,3,15,0
10,2,129,22,42,1,194,2,3,30,0
10,2,144,16,49,0,209,2,3,45,0
10,2,111,28,20,3,162,1,4,0,0
10,2,67,11,10,16,104,1,4,15,0
10,2,65,24,7,16,112,1,4,30,0
10,2,94,27,7,16,144,1,4,45,0
10,2,94,20,8,7,129,1,5,0,0
10,2,67,29,5,10,111,0,5,15,0
10,2,56,12,2,14,84,1,5,30,0
10,2,57,13,3,11,84,0,5,45,0
10,2,129,22,42,1,194,2,6,0,0
10,2,144,16,49,0,209,2,6,15,0
10,2,111,28,20,3,162,1,6,30,0
10,2,120,27,46,3,196,2,6,45,0
10,2,102,39,47,1,189,2,7,0,0
10,2,145,23,27,0,195,2,7,15,0
10,2,114,37,21,5,177,2,7,30,0
10,2,108,18,22,1,149,1,7,45,0
10,2,122,28,33,1,184,2,8,0,0
10,2,114,39,30,3,186,2,8,15,0
10,2,150,36,25,1,212,2,8,30,0
10,2,107,10,49,2,168,2,8,45,0
10,2,124,24,22,0,170,2,9,0,0
10,2,77,16,39,29,161,3,9,15,0
10,2,15,23,30,21,89,1,9,30,0
10,2,32,22,38,21,113,3,9,45,0
10,2,68,13,29,24,134,3,10,0,0
10,2,27,16,36,30,109,1,10,15,0
10,2,76,7,11,15,109,1,10,30,0
10,2,41,23,20,17,101,1,10,45,0
10,2,33,10,3,29,75,1,11,0,0
10,2,58,8,14,29,109,1,11,15,0
10,2,65,7,11,26,109,1,11,30,0
10,2,47,9,6,29,91,1,11,45,0
10,2,38,10,5,25,78,1,12,0,1
10,2,57,8,12,29,106,1,12,15,1
10,2,20,6,4,20,50,1,12,30,1
10,2,24,9,14,23,70,1,12,45,1
10,2,52,10,13,21,96,1,13,0,1
10,2,79,15,36,18,148,3,13,15,1
10,2,84,24,22,18,148,1,13,30,1
10,2,59,19,35,16,129,3,13,45,1
10,2,88,26,31,19,164,3,14,0,1
10,2,24,11,32,13,80,1,14,15,1
10,2,110,17,23,20,170,2,14,30,1
10,2,29,26,5,6,66,0,14,45,1
10,2,43,26,11,20,100,1,15,0,1
10,2,68,28,9,15,120,1,15,15,1
10,2,108,16,8,18,150,1,15,30,1
10,2,101,26,8,14,149,1,15,45,1
10,2,141,31,36,6,214,2,16,0,1
10,2,120,25,28,5,178,2,16,15,1
10,2,137,23,44,5,209,2,16,30,1
10,2,124,11,30,7,172,2,16,45,1
10,2,145,25,49,7,226,2,17,0,1
10,2,122,37,23,8,190,2,17,15,1
10,2,136,30,20,9,195,2,17,30,1
10,2,145,18,40,9,212,2,17,45,1
10,2,138,34,28,5,205,2,18,0,1
10,2,123,10,29,8,170,2,18,15,1
10,2,105,15,21,9,150,1,18,30,1
10,2,75,22,20,11,128,1,18,45,1
10,2,90,12,10,13,125,1,19,0,1
10,2,102,22,20,16,160,1,19,15,1
10,2,61,18,15,27,121,3,19,30,1
10,2,70,8,14,6,98,0,19,45,1
10,2,80,17,12,34,143,3,20,0,1
10,2,62,12,14,19,107,1,20,15,1
10,2,96,5,11,13,125,1,20,30,1
10,2,102,6,12,13,133,1,20,45,1
10,2,91,14,15,6,126,1,21,0,1
10,2,95,8,17,13,133,1,21,15,1
10,2,75,15,12,21,123,3,21,30,1
10,2,53,21,20,10,104,1,21,45,1
10,2,13,1,0,19,33,1,22,0,1
10,2,10,0,1,24,35,1,22,15,1
10,2,16,2,0,33,51,1,22,30,1
10,2,11,1,0,29,41,1,22,45,1
10,2,18,2,1,13,34,1,23,0,1
10,2,15,0,1,11,27,0,23,15,1
10,2,14,1,0,33,48,1,23,30,1
10,2,17,2,0,22,41,1,23,45,1
11,3,12,2,1,17,32,1,0,0,0
11,3,18,0,0,29,47,1,0,15,0
11,3,16,1,0,14,31,1,0,30,0
11,3,20,0,0,14,34,1,0,45,0
11,3,20,1,1,30,52,1,1,0,0
11,3,15,0,1,23,39,1,1,15,0
11,3,16,0,1,26,43,1,1,30,0
11,3,18,4,0,11,33,0,1,45,0
11,3,17,3,1,36,57,1,2,0,0
11,3,14,4,1,10,29,0,2,15,0
11,3,18,2,1,25,46,1,2,30,0
11,3,12,2,0,19,33,1,2,45,0
11,3,11,4,0,30,45,1,3,0,0
11,3,19,1,1,36,57,1,3,15,0
11,3,10,4,0,36,50,1,3,30,0
11,3,20,1,1,32,54,1,3,45,0
11,3,15,5,1,40,61,1,4,0,0
11,3,104,6,5,1,116,1,4,15,0
11,3,109,25,3,8,145,1,4,30,0
11,3,82,23,8,20,133,1,4,45,0
11,3,81,25,1,18,125,1,5,0,0
11,3,95,16,10,1,122,1,5,15,0
11,3,91,24,7,6,128,1,5,30,0
11,3,81,30,10,0,121,1,5,45,0
11,3,125,13,26,2,166,3,6,0,0
11,3,125,39,49,3,216,2,6,15,0
11,3,125,34,37,1,197,2,6,30,0
11,3,125,19,25,4,173,2,6,45,0
11,3,125,15,49,0,189,2,7,0,0
11,3,125,32,50,5,212,2,7,15,0
11,3,125,38,50,1,214,2,7,30,0
11,3,125,29,29,3,186,2,7,45,0
11,3,125,31,48,4,208,2,8,0,0
11,3,125,32,50,0,207,2,8,15,0
11,3,125,31,45,0,201,2,8,30,0
11,3,125,21,20,1,167,1,8,45,0
11,3,125,28,36,0,189,2,9,0,0
11,3,39,10,37,16,102,1,9,15,0
11,3,89,8,12,13,122,1,9,30,0
11,3,51,16,16,13,96,1,9,45,0
11,3,17,9,18,28,72,1,10,0,0
11,3,48,25,36,21,130,3,10,15,0
11,3,93,7,30,16,146,3,10,30,0
11,3,55,15,36,15,121,3,10,45,0
11,3,51,10,8,22,91,1,11,0,0
11,3,51,7,3,24,85,1,11,15,0
11,3,51,9,7,30,97,1,11,30,0
11,3,51,7,14,20,92,1,11,45,0
11,3,51,10,14,20,95,1,12,0,1
11,3,51,10,6,22,89,1,12,15,1
11,3,51,8,11,22,92,1,12,30,1
11,3,51,6,10,26,93,1,12,45,1
11,3,51,7,7,27,92,1,13,0,1
11,3,104,17,25,20,166,1,13,15,1
11,3,6,28,27,14,75,1,13,30,1
11,3,54,29,37,9,129,3,13,45,1
11,3,43,13,30,20,106,1,14,0,1
11,3,60,21,26,11,118,3,14,15,1
11,3,101,23,8,20,152,1,14,30,1
11,3,62,26,19,11,118,1,14,45,1
11,3,39,24,13,11,87,0,15,0,1
11,3,90,20,35,7,152,3,15,15,1
11,3,109,30,22,20,181,2,15,30,1
11,3,68,26,25,20,139,1,15,45,1
11,3,142,22,37,6,207,2,16,0,1
11,3,113,14,20,5,152,1,16,15,1
11,3,142,13,37,8,200,2,16,30,1
11,3,108,23,26,9,166,3,16,45,1
11,3,122,29,30,7,188,2,17,0,1
11,3,133,12,30,7,182,2,17,15,1
11,3,118,23,38,10,189,2,17,30,1
11,3,121,35,26,8,190,2,17,45,1
11,3,116,23,20,8,167,1,18,0,1
11,3,132,12,27,8,179,2,18,15,1
11,3,144,17,33,7,201,2,18,30,1
11,3,103,21,11,11,146,1,18,45,1
11,3,107,15,10,15,147,1,19,0,1
11,3,50,10,10,17,87,1,19,15,1
11,3,108,15,10,6,139,1,19,30,1
11,3,108,24,15,29,176,2,19,45,1
11,3,101,6,15,13,135,1,20,0,1
11,3,55,17,12,19,103,1,20,15,1
11,3,77,7,20,16,120,1,20,30,1
11,3,91,12,19,8,130,1,20,45,1
11,3,95,25,17,29,166,3,21,0,1
11,3,78,17,17,27,139,3,21,15,1
11,3,98,16,16,21,151,3,21,30,1
11,3,86,13,11,35,145,3,21,45,1
11,3,18,4,0,16,38,1,22,0,1
11,3,18,5,0,12,35,0,22,15,1
11,3,18,2,1,25,46,1,22,30,1
11,3,18,1,0,17,36,1,22,45,1
11,3,18,5,0,21,44,1,23,0,1
11,3,18,0,1,12,31,0,23,15,1
11,3,18,3,1,28,50,1,23,30,1
11,3,18,4,1,40,63,1,23,45,1
12,4,18,1,1,39,59,1,0,0,0
12,4,18,4,0,30,52,1,0,15,0
12,4,18,5,1,13,37,1,0,30,0
12,4,18,2,0,37,57,1,0,45,0
12,4,18,0,0,13,31,1,1,0,0
12,4,18,5,0,11,34,0,1,15,0
12,4,18,5,1,12,36,0,1,30,0
12,4,18,1,1,16,36,1,1,45,0
12,4,18,1,1,34,54,1,2,0,0
12,4,18,1,0,24,43,1,2,15,0
12,4,18,0,0,23,41,1,2,30,0
12,4,18,0,0,27,45,1,2,45,0
12,4,18,5,0,28,51,1,3,0,0
12,4,18,1,0,14,33,1,3,15,0
12,4,18,5,0,25,48,1,3,30,0
12,4,18,4,1,30,53,1,3,45,0
12,4,18,5,1,30,54,1,4,0,0
12,4,62,24,7,2,95,0,4,15,0
12,4,51,23,6,1,81,0,4,30,0
12,4,114,23,10,19,166,1,4,45,0
12,4,85,22,9,9,125,1,5,0,0
12,4,102,24,4,20,150,1,5,15,0
12,4,101,18,3,17,139,1,5,30,0
12,4,116,19,0,17,152,1,5,45,0
12,4,117,38,50,5,210,2,6,0,0
12,4,114,32,34,2,182,2,6,15,0
12,4,120,17,23,1,161,1,6,30,0
12,4,145,20,25,2,192,2,6,45,0
12,4,125,30,48,1,204,2,7,0,0
12,4,103,27,45,1,176,2,7,15,0
12,4,114,20,43,1,178,2,7,30,0
12,4,145,10,44,1,200,2,7,45,0
12,4,147,31,20,4,202,2,8,0,0
12,4,104,24,40,0,168,2,8,15,0
12,4,124,11,22,0,157,1,8,30,0
12,4,101,37,31,4,173,2,8,45,0
12,4,144,30,37,1,212,2,9,0,0
12,4,24,18,37,18,97,1,9,15,0
12,4,24,8,17,25,74,1,9,30,0
12,4,16,22,12,20,70,1,9,45,0
12,4,26,2,39,26,93,1,10,0,0
12,4,90,7,18,15,130,1,10,15,0
12,4,59,6,11,11,87,0,10,30,0
12,4,28,7,22,18,75,1,10,45,0
12,4,60,5,14,21,100,1,11,0,0
12,4,69,9,8,23,109,1,11,15,0
12,4,59,9,12,26,106,1,11,30,0
12,4,24,10,5,21,60,1,11,45,0
12,4,41,7,7,21,76,1,12,0,1
12,4,48,10,9,29,96,1,12,15,1
12,4,59,10,14,23,106,1,12,30,1
12,4,67,7,12,28,114,3,12,45,1
12,4,52,9,8,20,89,1,13,0,1
12,4,45,26,29,10,110,1,13,15,1
12,4,14,21,7,18,60,1,13,30,1
12,4,55,22,24,10,111,1,13,45,1
12,4,45,14,39,5,103,1,14,0,1
12,4,90,17,16,11,134,1,14,15,1
12,4,33,21,25,5,84,1,14,30,1
12,4,118,25,31,13,187,2,14,45,1
12,4,86,28,13,5,132,1,15,0,1
12,4,105,29,22,12,168,2,15,15,1
12,4,10,19,26,8,63,1,15,30,1
12,4,46,22,18,9,95,1,15,45,1
12,4,105,35,48,6,194,2,16,0,1
12,4,135,37,34,5,211,2,16,15,1
12,4,103,29,44,6,182,2,16,30,1
12,4,113,13,42,10,178,2,16,45,1
12,4,103,20,27,9,159,3,17,0,1
12,4,150,13,20,9,192,2,17,15,1
12,4,116,25,33,8,182,2,17,30,1
12,4,109,16,41,9,175,2,17,45,1
12,4,112,11,50,5,178,2,18,0,1
12,4,104,31,30,5,170,2,18,15,1
12,4,146,18,40,6,210,2,18,30,1
12,4,110,24,10,29,173,2,18,45,1
12,4,60,15,12,25,112,3,19,0,1
12,4,103,9,14,29,155,3,19,15,1
12,4,102,6,15,6,129,1,19,30,1
12,4,51,17,16,8,92,1,19,45,1
12,4,62,12,11,18,103,1,20,0,1
12,4,103,14,12,5,134,1,20,15,1
12,4,50,7,11,23,91,1,20,30,1
12,4,80,14,20,6,120,1,20,45,1
12,4,98,13,18,21,150,3,21,0,1
12,4,53,25,20,13,111,1,21,15,1
12,4,52,8,10,27,97,1,21,30,1
12,4,71,23,13,21,128,3,21,45,1
12,4,17,3,0,29,49,1,22,0,1
12,4,20,5,1,36,62,1,22,15,1
12,4,15,0,0,32,47,1,22,30,1
12,4,15,0,1,20,36,1,22,45,1
12,4,14,2,0,23,39,1,23,0,1
12,4,13,1,0,29,43,1,23,15,1
12,4,14,5,0,31,50,1,23,30,1
12,4,16,3,0,33,52,1,23,45,1
13,5,18,4,1,15,38,1,0,0,0
13,5,20,0,1,23,44,1,0,15,0
13,5,19,3,0,16,38,1,0,30,0
13,5,10,3,0,12,25,0,0,45,0
13,5,10,4,0,23,37,1,1,0,0
13,5,12,5,0,29,46,1,1,15,0
13,5,10,0,0,39,49,1,1,30,0
13,5,16,2,1,21,40,1,1,45,0
13,5,18,4,1,36,59,1,2,0,0
13,5,15,1,0,14,30,1,2,15,0
13,5,17,4,0,13,34,1,2,30,0
13,5,18,3,1,24,46,1,2,45,0
13,5,19,2,0,11,32,0,3,0,0
13,5,19,3,0,21,43,1,3,15,0
13,5,19,3,1,31,54,1,3,30,0
13,5,14,2,1,19,36,1,3,45,0
13,5,11,0,0,27,38,1,4,0,0
13,5,27,6,1,11,45,0,4,15,0
13,5,33,11,6,13,63,1,4,30,0
13,5,63,6,7,10,86,0,4,45,0
13,5,58,13,4,15,90,1,5,0,0
13,5,57,11,7,10,85,0,5,15,0
13,5,63,10,6,12,91,0,5,30,0
13,5,74,9,0,15,98,1,5,45,0
13,5,71,9,7,10,97,0,6,0,0
13,5,33,9,6,13,61,1,6,15,0
13,5,29,6,1,12,48,0,6,30,0
13,5,32,9,3,11,55,0,6,45,0
13,5,57,14,3,11,85,0,7,0,0
13,5,31,11,0,14,56,1,7,15,0
13,5,30,9,3,10,52,0,7,30,0
13,5,61,8,7,12,88,0,7,45,0
13,5,47,10,4,10,71,0,8,0,0
13,5,80,16,4,15,115,1,8,15,0
13,5,49,10,2,10,71,0,8,30,0
13,5,58,7,5,13,83,1,8,45,0
13,5,53,19,1,10,83,0,9,0,0
13,5,132,47,25,0,204,2,9,15,0
13,5,131,52,15,0,198,2,9,30,0
13,5,171,59,27,3,260,2,9,45,0
13,5,131,43,20,3,197,2,10,0,0
13,5,177,56,12,4,249,2,10,15,0
13,5,160,47,30,3,240,2,10,30,0
13,5,178,68,28,4,278,2,10,45,0
13,5,169,70,20,3,262,2,11,0,0
13,5,133,56,25,2,216,2,11,15,0
13,5,151,52,13,0,216,2,11,30,0
13,5,179,46,27,3,255,2,11,45,0
13,5,144,68,20,0,232,2,12,0,1
13,5,162,46,19,2,229,2,12,15,1
13,5,159,44,23,2,228,2,12,30,1
13,5,174,67,30,1,272,2,12,45,1
13,5,136,57,29,4,226,2,13,0,1
13,5,156,42,12,3,213,2,13,15,1
13,5,175,63,19,3,260,2,13,30,1
13,5,172,62,20,2,256,2,13,45,1
13,5,171,49,15,0,235,2,14,0,1
13,5,172,65,18,2,257,2,14,15,1
13,5,176,50,13,1,240,2,14,30,1
13,5,153,50,23,3,229,2,14,45,1
13,5,148,64,27,0,239,2,15,0,1
13,5,56,28,6,2,92,0,15,15,1
13,5,88,26,25,0,139,1,15,30,1
13,5,82,23,14,0,119,1,15,45,1
13,5,77,20,7,0,104,0,16,0,1
13,5,66,24,1,0,91,0,16,15,1
13,5,72,22,8,2,104,0,16,30,1
13,5,62,28,21,2,113,1,16,45,1
13,5,66,26,4,1,97,0,17,0,1
13,5,85,20,4,0,109,0,17,15,1
13,5,87,24,11,2,124,1,17,30,1
13,5,67,28,25,0,120,1,17,45,1
13,5,70,26,16,2,114,1,18,0,1
13,5,62,20,20,1,103,1,18,15,1
13,5,67,29,1,0,97,0,18,30,1
13,5,65,25,1,1,92,0,18,45,1
13,5,76,24,23,0,123,1,19,0,1
13,5,42,1,5,11,59,0,19,15,1
13,5,42,10,3,1,56,0,19,30,1
13,5,31,11,1,12,55,0,19,45,1
13,5,47,7,3,6,63,0,20,0,1
13,5,28,7,2,4,41,0,20,15,1
13,5,22,3,6,1,32,0,20,30,1
13,5,29,1,7,5,42,0,20,45,1
13,5,43,9,1,11,64,0,21,0,1
13,5,23,3,3,8,37,0,21,15,1
13,5,21,2,5,15,43,1,21,30,1
13,5,31,2,1,9,43,0,21,45,1
13,5,15,5,0,18,38,1,22,0,1
13,5,11,2,0,15,28,1,22,15,1
13,5,12,0,1,17,30,1,22,30,1
13,5,18,3,0,18,39,1,22,45,1
13,5,19,1,0,31,51,1,23,0,1
13,5,17,0,0,22,39,1,23,15,1
13,5,15,5,0,14,34,1,23,30,1
13,5,15,1,1,24,41,1,23,45,1
14,6,18,4,0,33,55,1,0,0,0
14,6,14,4,0,34,52,1,0,15,0
14,6,14,0,1,19,34,1,0,30,0
14,6,19,3,0,36,58,1,0,45,0
14,6,10,4,1,21,36,1,1,0,0
14,6,19,1,0,19,39,1,1,15,0
14,6,18,5,0,26,49,1,1,30,0
14,6,17,1,1,25,44,1,1,45,0
14,6,20,2,0,12,34,0,2,0,0
14,6,15,5,0,15,35,1,2,15,0
14,6,11,4,0,14,29,1,2,30,0
14,6,14,3,1,18,36,1,2,45,0
14,6,13,2,0,39,54,1,3,0,0
14,6,17,5,0,29,51,1,3,15,0
14,6,13,5,0,31,49,1,3,30,0
14,6,18,5,0,35,58,1,3,45,0
14,6,15,4,0,16,35,1,4,0,0
14,6,55,15,5,3,78,0,4,15,0
14,6,76,10,7,9,102,0,4,30,0
14,6,98,0,9,19,126,1,4,45,0
14,6,98,12,6,6,122,1,5,0,0
14,6,103,2,10,20,135,1,5,15,0
14,6,93,17,8,12,130,1,5,30,0
14,6,115,27,9,16,167,1,5,45,0
14,6,120,12,22,3,157,1,6,0,0
14,6,142,18,27,0,187,2,6,15,0
14,6,117,29,49,2,197,2,6,30,0
14,6,126,36,24,0,186,2,6,45,0
14,6,110,39,38,5,192,2,7,0,0
14,6,149,20,39,5,213,2,7,15,0
14,6,109,29,23,5,166,1,7,30,0
14,6,124,34,24,4,186,2,7,45,0
14,6,149,35,32,1,217,2,8,0,0
14,6,125,32,38,4,199,2,8,15,0
14,6,101,23,38,1,163,3,8,30,0
14,6,137,36,30,0,203,2,8,45,0
14,6,139,15,21,3,178,2,9,0,0
14,6,19,3,29,9,60,1,9,15,0
14,6,13,11,39,7,70,1,9,30,0
14,6,31,2,29,27,89,1,9,45,0
14,6,18,24,21,22,85,1,10,0,0
14,6,26,12,14,13,65,1,10,15,0
14,6,31,15,13,28,87,1,10,30,0
14,6,12,22,8,11,53,0,10,45,0
14,6,54,5,13,23,95,1,11,0,0
14,6,59,7,13,21,100,1,11,15,0
14,6,58,8,6,23,95,1,11,30,0
14,6,53,8,9,25,95,1,11,45,0
14,6,54,7,7,20,88,1,12,0,1
14,6,39,10,4,29,82,1,12,15,1
14,6,38,9,8,22,77,1,12,30,1
14,6,36,5,10,23,74,1,12,45,1
14,6,68,6,12,24,110,1,13,0,1
14,6,50,18,26,14,108,1,13,15,1
14,6,120,28,22,20,190,2,13,30,1
14,6,60,14,28,9,111,1,13,45,1
14,6,105,14,8,19,146,1,14,0,1
14,6,89,27,18,8,142,1,14,15,1
14,6,28,17,31,10,86,1,14,30,1
14,6,79,14,23,6,122,1,14,45,1
14,6,15,11,30,14,70,1,15,0,1
14,6,77,27,23,18,145,1,15,15,1
14,6,19,14,24,6,63,1,15,30,1
14,6,79,13,28,7,127,3,15,45,1
14,6,114,10,22,9,155,1,16,0,1
14,6,150,30,22,5,207,2,16,15,1
14,6,142,23,25,7,197,2,16,30,1
14,6,111,36,25,6,178,2,16,45,1
14,6,143,37,38,8,226,2,17,0,1
14,6,120,37,43,10,210,2,17,15,1
14,6,147,20,49,7,223,1,17,30,1
14,6,140,22,27,5,194,2,17,45,1
14,6,128,37,20,9,194,2,18,0,1
14,6,114,23,42,10,189,2,18,15,1
14,6,117,20,22,9,168,2,18,30,1
14,6,93,24,17,23,157,3,18,45,1
14,6,65,15,15,8,103,0,19,0,1
14,6,100,22,14,8,144,1,19,15,1
14,6,85,12,11,18,126,1,19,30,1
14,6,56,7,12,12,87,0,19,45,1
14,6,50,12,15,18,95,1,20,0,1
14,6,74,9,11,12,106,0,20,15,1
14,6,73,15,18,7,113,1,20,30,1
14,6,99,13,20,30,162,3,20,45,1
14,6,110,14,17,8,149,1,21,0,1
14,6,82,5,12,34,133,3,21,15,1
14,6,58,19,12,17,106,1,21,30,1
14,6,70,10,14,32,126,3,21,45,1
14,6,10,1,0,33,44,1,22,0,1
14,6,14,1,1,40,56,1,22,15,1
14,6,17,1,1,17,36,1,22,30,1
14,6,12,4,1,22,39,1,22,45,1
14,6,15,0,0,16,31,1,23,0,1
14,6,13,4,0,25,42,1,23,15,1
14,6,14,5,1,12,32,0,23,30,1
14,6,18,1,1,35,55,1,23,45,1
15,7,18,5,1,19,43,1,0,0,0
15,7,19,3,0,38,60,1,0,15,0
15,7,13,0,1,12,26,0,0,30,0
15,7,20,0,1,38,59,1,0,45,0
15,7,20,1,1,24,46,1,1,0,0
15,7,17,3,1,17,38,1,1,15,0
15,7,12,3,1,35,51,1,1,30,0
15,7,19,0,1,30,50,1,1,45,0
15,7,19,2,1,30,52,1,2,0,0
15,7,18,1,0,16,35,1,2,15,0
15,7,11,0,0,31,42,1,2,30,0
15,7,10,1,1,12,24,0,2,45,0
15,7,16,1,0,24,41,1,3,0,0
15,7,18,3,0,28,49,1,3,15,0
15,7,20,1,1,39,61,1,3,30,0
15,7,19,3,1,27,50,1,3,45,0
15,7,14,1,1,34,50,1,4,0,0
15,7,61,26,1,16,104,1,4,15,0
15,7,72,26,6,4,108,0,4,30,0
15,7,86,24,3,18,131,1,4,45,0
15,7,75,1,8,10,94,0,5,0,0
15,7,75,1,7,9,92,0,5,15,0
15,7,93,5,4,1,103,0,5,30,0
15,7,111,6,2,5,124,1,5,45,0
15,7,111,18,41,2,172,2,6,0,0
15,7,114,27,46,0,187,2,6,15,0
15,7,139,19,50,2,210,2,6,30,0
15,7,109,14,38,1,162,3,6,45,0
15,7,105,16,22,3,146,1,7,0,0
15,7,150,13,31,4,198,2,7,15,0
15,7,122,13,47,3,185,2,7,30,0
15,7,114,24,46,2,186,2,7,45,0
15,7,119,36,41,0,196,2,8,0,0
15,7,108,35,39,0,182,2,8,15,0
15,7,113,18,28,1,160,3,8,30,0
15,7,118,36,37,0,191,2,8,45,0
15,7,113,35,48,3,199,2,9,0,0
15,7,66,7,22,30,125,3,9,15,0
15,7,64,12,27,8,111,1,9,30,0
15,7,37,5,13,11,66,0,9,45,0
15,7,82,17,31,20,150,3,10,0,0
15,7,63,5,23,12,103,1,10,15,0
15,7,20,12,16,24,72,1,10,30,0
15,7,46,5,34,9,94,1,10,45,0
15,7,35,9,8,29,81,1,11,0,0
15,7,33,9,11,21,74,1,11,15,0
15,7,32,9,10,30,81,1,11,30,0
15,7,62,10,6,22,100,1,11,45,0
15,7,62,10,11,22,105,1,12,0,1
15,7,54,10,12,25,101,1,12,15,1
15,7,48,8,15,23,94,1,12,30,1
15,7,20,10,12,24,66,1,12,45,1
15,7,35,10,5,30,80,1,13,0,1
15,7,112,15,40,10,177,2,13,15,1
15,7,51,21,25,13,110,1,13,30,1
15,7,53,12,23,8,96,1,13,45,1
15,7,63,22,18,15,118,1,14,0,1
15,7,50,23,16,8,97,1,14,15,1
15,7,94,20,35,17,166,3,14,30,1
15,7,7,27,39,17,90,1,14,45,1
15,7,109,18,13,6,146,1,15,0,1
15,7,18,27,19,6,70,1,15,15,1
15,7,21,30,5,5,61,0,15,30,1
15,7,49,16,9,12,86,0,15,45,1
15,7,129,28,40,6,203,2,16,0,1
15,7,141,18,28,8,195,2,16,15,1
15,7,131,14,43,7,195,2,16,30,1
15,7,105,38,23,5,171,2,16,45,1
15,7,125,35,37,5,202,2,17,0,1
15,7,127,36,42,9,214,2,17,15,1
15,7,129,22,25,9,185,2,17,30,1
15,7,121,39,47,8,215,2,17,45,1
15,7,138,29,42,9,218,2,18,0,1
15,7,119,26,21,5,171,2,18,15,1
15,7,138,17,48,8,211,2,18,30,1
15,7,72,12,14,32,130,3,18,45,1
15,7,92,23,20,30,165,3,19,0,1
15,7,94,17,11,24,146,3,19,15,1
15,7,102,25,12,24,163,3,19,30,1
15,7,71,23,17,14,125,1,19,45,1
15,7,58,5,19,25,107,1,20,0,1
15,7,93,22,18,10,143,1,20,15,1
15,7,59,23,10,35,127,3,20,30,1
15,7,57,20,10,20,107,1,20,45,1
15,7,96,9,18,25,148,3,21,0,1
15,7,104,12,16,20,152,1,21,15,1
15,7,104,22,17,23,166,3,21,30,1
15,7,88,8,11,29,136,3,21,45,1
15,7,20,3,0,16,39,1,22,0,1
15,7,17,2,1,30,50,1,22,15,1
15,7,17,4,0,23,44,1,22,30,1
15,7,15,5,0,21,41,1,22,45,1
15,7,10,0,1,31,42,1,23,0,1
15,7,11,1,1,19,32,1,23,15,1
15,7,12,2,0,29,43,1,23,30,1
15,7,11,0,1,11,23,0,23,45,1
16,1,18,4,1,28,51,1,0,0,0
16,1,13,3,0,26,42,1,0,15,0
16,1,16,3,0,34,53,1,0,30,0
16,1,16,4,0,35,55,1,0,45,0
16,1,20,2,1,33,56,1,1,0,0
16,1,14,4,1,28,47,1,1,15,0
16,1,11,4,1,19,35,1,1,30,0
16,1,19,4,0,17,40,1,1,45,0
16,1,18,3,1,26,48,1,2,0,0
16,1,10,1,1,21,33,1,2,15,0
16,1,20,5,1,40,66,1,2,30,0
16,1,11,5,0,37,53,1,2,45,0
16,1,15,4,1,29,49,1,3,0,0
16,1,16,2,1,27,46,1,3,15,0
16,1,10,3,1,23,37,1,3,30,0
16,1,16,5,1,31,53,1,3,45,0
16,1,20,0,1,30,51,1,4,0,0
16,1,61,4,5,17,87,1,4,15,0
16,1,91,8,6,2,107,0,4,30,0
16,1,94,4,5,2,105,0,4,45,0
16,1,117,8,6,16,147,1,5,0,0
16,1,111,14,10,14,149,1,5,15,0
16,1,91,2,3,5,101,0,5,30,0
16,1,96,9,1,16,122,1,5,45,0
16,1,134,15,42,5,196,2,6,0,0
16,1,121,35,39,4,199,2,6,15,0
16,1,118,40,40,3,201,2,6,30,0
16,1,115,17,40,1,173,2,6,45,0
16,1,106,22,37,0,165,3,7,0,0
16,1,147,26,40,0,213,2,7,15,0
16,1,102,13,31,2,148,3,7,30,0
16,1,102,12,24,3,141,1,7,45,0
16,1,130,40,31,2,203,2,8,0,0
16,1,102,17,33,0,152,3,8,15,0
16,1,105,13,48,5,171,2,8,30,0
16,1,129,24,25,0,178,2,8,45,0
16,1,117,11,45,0,173,2,9,0,0
16,1,74,14,23,21,132,3,9,15,0
16,1,80,14,35,18,147,3,9,30,0
16,1,31,7,34,24,96,1,9,45,0
16,1,18,15,9,15,57,1,10,0,0
16,1,15,10,23,20,68,1,10,15,0
16,1,37,18,8,16,79,1,10,30,0
16,1,10,7,5,14,36,1,10,45,0
16,1,54,6,15,23,98,1,11,0,0
16,1,34,7,5,24,70,1,11,15,0
16,1,50,7,8,21,86,1,11,30,0
16,1,44,9,10,24,87,1,11,45,0
16,1,63,8,15,24,110,1,12,0,1
16,1,56,6,6,29,97,1,12,15,1
16,1,69,5,13,27,114,3,12,30,1
16,1,39,5,3,30,77,1,12,45,1
16,1,61,10,14,24,109,1,13,0,1
16,1,61,30,5,20,116,1,13,15,1
16,1,20,17,9,5,51,0,13,30,1
16,1,70,22,38,7,137,3,13,45,1
16,1,25,30,31,9,95,1,14,0,1
16,1,23,13,12,6,54,0,14,15,1
16,1,105,30,24,8,167,1,14,30,1
16,1,107,10,6,6,129,1,14,45,1
16,1,40,20,36,7,103,1,15,0,1
16,1,74,18,37,11,140,3,15,15,1
16,1,62,15,8,11,96,0,15,30,1
16,1,81,20,14,12,127,1,15,45,1
16,1,111,32,43,5,191,2,16,0,1
16,1,145,12,41,6,204,2,16,15,1
16,1,139,11,20,7,177,2,16,30,1
16,1,129,40,31,10,210,2,16,45,1
16,1,128,22,28,8,186,2,17,0,1
16,1,103,17,23,8,151,1,17,15,1
16,1,127,32,29,7,195,2,17,30,1
16,1,120,35,44,8,207,2,17,45,1
16,1,106,11,41,7,165,3,18,0,1
16,1,114,40,31,5,190,2,18,15,1
16,1,101,13,20,7,141,1,18,30,1
16,1,110,25,19,34,188,2,18,45,1
16,1,108,6,17,23,154,3,19,0,1
16,1,104,12,10,10,136,1,19,15,1
16,1,102,22,17,23,164,3,19,30,1
16,1,77,19,16,8,120,1,19,45,1
16,1,70,16,19,33,138,3,20,0,1
16,1,75,9,13,28,125,3,20,15,1
16,1,95,9,16,29,149,3,20,30,1
16,1,77,17,17,22,133,3,20,45,1
16,1,73,16,14,34,137,3,21,0,1
16,1,59,7,18,12,96,1,21,15,1
16,1,54,20,10,9,93,0,21,30,1
16,1,90,6,18,32,146,3,21,45,1
16,1,15,5,1,32,53,1,22,0,1
16,1,12,1,0,11,24,0,22,15,1
16,1,17,2,0,28,47,1,22,30,1
16,1,13,5,1,12,31,0,22,45,1
16,1,15,5,0,21,41,1,23,0,1
16,1,18,4,0,11,33,0,23,15,1
16,1,12,4,0,21,37,1,23,30,1
16,1,10,4,1,12,27,0,23,45,1
17,2,15,2,0,25,42,1,0,0,0
17,2,11,0,0,24,35,1,0,15,0
17,2,15,2,1,15,33,1,0,30,0
17,2,20,3,1,29,53,1,0,45,0
17,2,17,2,0,24,43,1,1,0,0
17,2,19,5,1,26,51,1,1,15,0
17,2,20,3,1,32,56,1,1,30,0
17,2,15,3,0,19,37,1,1,45,0
17,2,13,5,0,17,35,1,2,0,0
17,2,12,5,1,19,37,1,2,15,0
17,2,10,2,0,27,39,1,2,30,0
17,2,20,4,1,23,48,1,2,45,0
17,2,14,0,0,16,30,1,3,0,0
17,2,12,4,1,28,45,1,3,15,0
17,2,19,2,0,20,41,1,3,30,0
17,2,20,2,1,19,42,1,3,45,0
17,2,16,0,0,36,52,1,4,0,0
17,2,62,20,4,18,104,1,4,15,0
17,2,50,13,2,14,79,1,4,30,0
17,2,101,3,6,6,116,1,4,45,0
17,2,94,15,2,9,120,1,5,0,0
17,2,68,10,8,1,87,0,5,15,0
17,2,95,3,8,20,126,1,5,30,0
17,2,113,7,10,16,146,1,5,45,0
17,2,106,13,39,1,159,3,6,0,0
17,2,105,32,47,4,188,2,6,15,0
17,2,150,19,34,4,207,2,6,30,0
17,2,137,38,39,2,216,2,6,45,0
17,2,113,11,32,1,157,3,7,0,0
17,2,117,30,26,5,178,2,7,15,0
17,2,130,10,37,1,178,2,7,30,0
17,2,150,32,31,1,214,2,7,45,0
17,2,146,10,30,3,189,2,8,0,0
17,2,123,24,46,2,195,2,8,15,0
17,2,110,24,26,4,164,3,8,30,0
17,2,111,33,31,2,177,2,8,45,0
17,2,132,18,32,2,184,2,9,0,0
17,2,66,16,22,13,117,1,9,15,0
17,2,45,24,5,23,97,1,9,30,0
17,2,92,19,15,7,133,1,9,45,0
17,2,78,22,16,25,141,3,10,0,0
17,2,90,2,15,18,125,1,10,15,0
17,2,23,2,37,9,71,1,10,30,0
17,2,17,5,6,20,48,1,10,45,0
17,2,41,5,4,24,74,1,11,0,0
17,2,32,5,15,26,78,1,11,15,0
17,2,65,7,7,22,101,1,11,30,0
17,2,22,6,3,25,56,1,11,45,0
17,2,54,7,4,28,93,1,12,0,1
17,2,38,5,8,28,79,1,12,15,1
17,2,59,7,15,23,104,1,12,30,1
17,2,34,8,10,23,75,1,12,45,1
17,2,28,6,3,27,64,1,13,0,1
17,2,7,16,11,14,48,1,13,15,1
17,2,8,12,22,8,50,1,13,30,1
17,2,42,25,38,18,123,3,13,45,1
17,2,82,13,28,5,128,3,14,0,1
17,2,14,24,26,9,73,1,14,15,1
17,2,39,25,33,9,106,1,14,30,1
17,2,47,14,29,6,96,1,14,45,1
17,2,120,20,21,18,179,2,15,0,1
17,2,114,11,39,10,174,2,15,15,1
17,2,99,24,30,10,163,3,15,30,1
17,2,78,18,30,8,134,3,15,45,1
17,2,144,40,29,10,223,1,16,0,1
17,2,107,28,38,9,182,2,16,15,1
17,2,123,28,24,10,185,2,16,30,1
17,2,126,15,28,6,175,2,16,45,1
17,2,147,28,23,5,203,2,17,0,1
17,2,100,21,33,7,161,3,17,15,1
17,2,113,12,22,6,153,1,17,30,1
17,2,130,34,30,6,200,2,17,45,1
17,2,118,40,29,10,197,2,18,0,1
17,2,113,38,44,9,204,2,18,15,1
17,2,117,29,29,9,184,2,18,30,1
17,2,106,12,20,32,170,2,18,45,1
17,2,96,11,15,14,136,1,19,0,1
17,2,58,11,14,24,107,1,19,15,1
17,2,76,22,10,9,117,1,19,30,1
17,2,66,6,12,33,117,3,19,45,1
17,2,61,23,13,18,115,1,20,0,1
17,2,93,6,15,17,131,1,20,15,1
17,2,51,11,16,26,104,1,20,30,1
17,2,86,6,12,9,113,1,20,45,1
17,2,77,15,12,29,133,3,21,0,1
17,2,84,15,16,8,123,1,21,15,1
17,2,103,12,15,10,140,1,21,30,1
17,2,60,9,11,27,107,1,21,45,1
17,2,14,1,1,22,38,1,22,0,1
17,2,14,2,0,35,51,1,22,15,1
17,2,13,1,1,31,46,1,22,30,1
17,2,19,0,1,22,42,1,22,45,1
17,2,13,4,0,28,45,1,23,0,1
17,2,13,1,0,26,40,1,23,15,1
17,2,12,0,1,34,47,1,23,30,1
17,2,20,1,1,38,60,1,23,45,1
18,3,12,3,0,38,53,1,0,0,0
18,3,12,1,0,40,53,1,0,15,0
18,3,20,5,0,10,35,0,0,30,0
18,3,12,4,1,27,44,1,0,45,0
18,3,15,5,0,21,41,1,1,0,0
18,3,19,2,0,30,51,1,1,15,0
18,3,11,0,1,40,52,1,1,30,0
18,3,15,3,0,35,53,1,1,45,0
18,3,15,0,1,37,53,1,2,0,0
18,3,16,2,0,37,55,1,2,15,0
18,3,10,0,1,24,35,1,2,30,0
18,3,12,0,1,31,44,1,2,45,0
18,3,15,1,1,36,53,1,3,0,0
18,3,14,5,0,17,36,1,3,15,0
18,3,17,3,1,38,59,1,3,30,0
18,3,19,0,0,18,37,1,3,45,0
18,3,18,5,1,30,54,1,4,0,0
18,3,119,12,6,4,141,1,4,15,0
18,3,74,28,1,13,116,1,4,30,0
18,3,101,26,10,0,137,1,4,45,0
18,3,99,4,7,19,129,1,5,0,0
18,3,99,18,7,5,129,1,5,15,0
18,3,102,24,2,8,136,1,5,30,0
18,3,50,4,6,13,73,1,5,45,0
18,3,128,11,46,4,189,2,6,0,0
18,3,129,39,43,0,211,2,6,15,0
18,3,129,27,38,0,194,2,6,30,0
18,3,113,24,22,2,161,1,6,45,0
18,3,141,15,21,5,182,2,7,0,0
18,3,120,22,29,1,172,2,7,15,0
18,3,141,24,47,4,216,2,7,30,0
18,3,149,24,33,1,207,2,7,45,0
18,3,140,40,36,1,217,2,8,0,0
18,3,140,20,36,0,196,2,8,15,0
18,3,107,13,31,4,155,3,8,30,0
18,3,141,15,32,4,192,2,8,45,0
18,3,120,27,38,4,189,2,9,0,0
18,3,70,14,21,5,110,1,9,15,0
18,3,55,24,16,21,116,3,9,30,0
18,3,52,18,22,16,108,1,9,45,0
18,3,65,4,19,21,109,1,10,0,0
18,3,54,10,30,28,122,3,10,15,0
18,3,37,3,32,18,90,1,10,30,0
18,3,23,3,37,18,81,1,10,45,0
18,3,43,7,7,29,86,1,11,0,0
18,3,22,6,13,24,65,1,11,15,0
18,3,21,10,6,30,67,1,11,30,0
18,3,48,8,11,22,89,1,11,45,0
18,3,35,5,12,20,72,1,12,0,1
18,3,69,5,13,22,109,1,12,15,1
18,3,22,9,10,21,62,1,12,30,1
18,3,46,5,9,23,83,1,12,45,1
18,3,49,5,11,21,86,1,13,0,1
18,3,29,18,29,20,96,1,13,15,1
18,3,96,23,31,14,164,3,13,30,1
18,3,100,27,23,16,166,1,13,45,1
18,3,96,22,36,5,159,3,14,0,1
18,3,27,26,25,15,93,1,14,15,1
18,3,114,21,32,5,172,2,14,30,1
18,3,74,27,34,10,145,3,14,45,1
18,3,14,16,9,14,53,1,15,0,1
18,3,84,30,26,10,150,3,15,15,1
18,3,96,19,14,18,147,1,15,30,1
18,3,40,15,28,5,88,1,15,45,1
18,3,110,15,46,5,176,2,16,0,1
18,3,138,39,31,7,215,2,16,15,1
18,3,118,32,32,10,192,2,16,30,1
18,3,142,34,38,9,223,1,16,45,1
18,3,113,13,36,5,167,1,17,0,1
18,3,104,29,32,7,172,2,17,15,1
18,3,134,39,21,9,203,2,17,30,1
18,3,107,15,48,5,175,2,17,45,1
18,3,139,25,43,7,214,2,18,0,1
18,3,128,20,20,6,174,2,18,15,1
18,3,101,13,47,10,171,2,18,30,1
18,3,105,17,13,23,158,3,18,45,1
18,3,103,14,13,9,139,1,19,0,1
18,3,51,23,15,13,102,1,19,15,1
18,3,84,10,16,20,130,1,19,30,1
18,3,97,25,19,24,165,3,19,45,1
18,3,98,8,10,19,135,1,20,0,1
18,3,94,13,19,25,151,3,20,15,1
18,3,105,25,11,35,176,2,20,30,1
18,3,74,9,13,6,102,0,20,45,1
18,3,57,18,13,28,116,3,21,0,1
18,3,57,14,11,33,115,3,21,15,1
18,3,84,23,19,15,141,1,21,30,1
18,3,105,14,16,33,168,2,21,45,1
18,3,10,4,1,38,53,1,22,0,1
18,3,15,1,1,29,46,1,22,15,1
18,3,14,1,1,25,41,1,22,30,1
18,3,20,2,0,37,59,1,22,45,1
18,3,20,1,0,27,48,1,23,0,1
18,3,13,1,1,18,33,1,23,15,1
18,3,19,0,0,35,54,1,23,30,1
18,3,14,1,1,27,43,1,23,45,1
19,4,13,5,0,12,30,0,0,0,0
19,4,18,5,0,12,35,0,0,15,0
19,4,10,3,1,32,46,1,0,30,0
19,4,14,2,0,15,31,1,0,45,0
19,4,16,3,0,15,34,1,1,0,0
19,4,14,2,0,25,41,1,1,15,0
19,4,17,5,0,18,40,1,1,30,0
19,4,13,1,0,28,42,1,1,45,0
19,4,19,0,1,20,40,1,2,0,0
19,4,15,4,0,40,59,1,2,15,0
19,4,14,3,1,26,44,1,2,30,0
19,4,15,4,0,14,33,1,2,45,0
19,4,12,3,1,13,29,1,3,0,0
19,4,12,4,0,31,47,1,3,15,0
19,4,17,4,1,20,42,1,3,30,0
19,4,12,0,1,13,26,1,3,45,0
19,4,18,2,0,16,36,1,4,0,0
19,4,115,16,10,13,154,1,4,15,0
19,4,117,5,10,15,147,1,4,30,0
19,4,92,26,8,7,133,1,4,45,0
19,4,88,3,6,4,101,0,5,0,0
19,4,109,11,4,3,127,1,5,15,0
19,4,81,4,0,20,105,1,5,30,0
19,4,118,2,5,19,144,1,5,45,0
19,4,107,26,31,2,166,3,6,0,0
19,4,103,11,35,5,154,3,6,15,0
19,4,145,13,33,3,194,2,6,30,0
19,4,143,22,37,4,206,2,6,45,0
19,4,113,38,50,3,204,2,7,0,0
19,4,149,10,47,3,209,2,7,15,0
19,4,132,33,35,2,202,2,7,30,0
19,4,119,40,41,2,202,2,7,45,0
19,4,133,31,27,2,193,2,8,0,0
19,4,140,20,44,4,208,2,8,15,0
19,4,140,34,31,1,206,2,8,30,0
19,4,128,37,50,2,217,2,8,45,0
19,4,132,11,24,3,170,2,9,0,0
19,4,23,8,40,27,98,1,9,15,0
19,4,75,2,18,29,124,3,9,30,0
19,4,99,14,33,14,160,3,9,45,0
19,4,10,1,13,7,31,0,10,0,0
19,4,74,21,29,26,150,3,10,15,0
19,4,29,15,25,5,74,1,10,30,0
19,4,50,17,38,24,129,3,10,45,0
19,4,64,9,14,20,107,1,11,0,0
19,4,49,5,10,21,85,1,11,15,0
19,4,39,7,10,30,86,1,11,30,0
19,4,68,5,5,24,102,1,11,45,0
19,4,67,7,8,22,104,1,12,0,1
19,4,47,8,3,25,83,1,12,15,1
19,4,66,9,7,24,106,1,12,30,1
19,4,46,8,3,22,79,1,12,45,1
19,4,54,6,12,21,93,1,13,0,1
19,4,18,16,32,18,84,1,13,15,1
19,4,24,20,7,9,60,0,13,30,1
19,4,113,17,16,20,166,1,13,45,1
19,4,52,13,15,10,90,0,14,0,1
19,4,58,26,25,18,127,1,14,15,1
19,4,44,19,22,6,91,1,14,30,1
19,4,8,26,34,9,77,1,14,45,1
19,4,31,10,27,8,76,1,15,0,1
19,4,115,24,16,5,160,1,15,15,1
19,4,56,29,16,16,117,1,15,30,1
19,4,7,12,33,12,64,1,15,45,1
19,4,133,10,46,10,199,2,16,0,1
19,4,104,31,37,6,178,2,16,15,1
19,4,100,38,36,9,183,2,16,30,1
19,4,127,25,37,5,194,2,16,45,1
19,4,118,32,48,6,204,2,17,0,1
19,4,147,19,31,8,205,2,17,15,1
19,4,123,36,34,5,198,2,17,30,1
19,4,111,24,25,5,165,1,17,45,1
19,4,121,16,42,8,187,2,18,0,1
19,4,119,38,47,7,211,2,18,15,1
19,4,132,30,41,6,209,2,18,30,1
19,4,52,6,12,18,88,1,18,45,1
19,4,97,21,10,8,136,1,19,0,1
19,4,50,16,20,31,117,3,19,15,1
19,4,94,25,19,8,146,1,19,30,1
19,4,66,11,18,34,129,3,19,45,1
19,4,105,16,15,6,142,1,20,0,1
19,4,56,23,10,18,107,1,20,15,1
19,4,105,19,10,25,159,3,20,30,1
19,4,60,18,11,16,105,1,20,45,1
19,4,88,10,14,11,123,1,21,0,1
19,4,110,6,14,23,153,3,21,15,1
19,4,78,20,11,35,144,3,21,30,1
19,4,105,14,10,7,136,1,21,45,1
19,4,18,1,0,10,29,0,22,0,1
19,4,18,1,0,27,46,1,22,15,1
19,4,12,4,1,18,35,1,22,30,1
19,4,15,4,1,32,52,1,22,45,1
19,4,13,4,0,32,49,1,23,0,1
19,4,14,4,0,15,33,1,23,15,1
19,4,15,4,0,17,36,1,23,30,1
19,4,14,0,1,21,36,1,23,45,1
20,5,17,5,0,37,59,1,0,0,0
20,5,14,4,1,12,31,0,0,15,0
20,5,16,2,0,15,33,1,0,30,0
20,5,13,4,1,14,32,1,0,45,0
20,5,12,4,0,29,45,1,1,0,0
20,5,19,4,1,30,54,1,1,15,0
20,5,18,4,0,18,40,1,1,30,0
20,5,18,1,1,12,32,0,1,45,0
20,5,20,4,1,21,46,1,2,0,0
20,5,10,2,1,20,33,1,2,15,0
20,5,18,5,1,23,47,1,2,30,0
20,5,16,5,1,30,52,1,2,45,0
20,5,12,3,0,40,55,1,3,0,0
20,5,12,2,0,40,54,1,3,15,0
20,5,16,0,1,37,54,1,3,30,0
20,5,15,4,1,16,36,1,3,45,0
20,5,13,0,0,38,51,1,4,0,0
20,5,61,5,3,14,83,1,4,15,0
20,5,27,15,6,10,58,0,4,30,0
20,5,74,11,5,15,105,1,4,45,0
20,5,70,6,7,14,97,1,5,0,0
20,5,33,6,0,11,50,0,5,15,0
20,5,29,12,1,13,55,1,5,30,0
20,5,69,5,7,10,91,0,5,45,0
20,5,41,16,7,15,79,1,6,0,0
20,5,35,11,5,11,62,0,6,15,0
20,5,25,9,6,14,54,1,6,30,0
20,5,65,15,1,11,92,0,6,45,0
20,5,66,6,3,14,89,1,7,0,0
20,5,27,6,5,15,53,1,7,15,0
20,5,75,6,1,10,92,0,7,30,0
20,5,54,11,4,12,81,0,7,45,0
20,5,54,18,3,12,87,0,8,0,0
20,5,69,8,0,14,91,1,8,15,0
20,5,52,19,6,10,87,0,8,30,0
20,5,66,8,0,12,86,0,8,45,0
20,5,54,11,0,13,78,1,9,0,0
20,5,151,48,15,3,217,2,9,15,0
20,5,170,62,18,2,252,2,9,30,0
20,5,134,59,11,3,207,2,9,45,0
20,5,166,63,22,1,252,2,10,0,0
20,5,173,64,10,2,249,2,10,15,0
20,5,176,45,22,2,245,2,10,30,0
20,5,162,59,27,1,249,2,10,45,0
20,5,171,46,15,3,235,2,11,0,0
20,5,158,44,26,2,230,2,11,15,0
20,5,151,64,16,0,231,2,11,30,0
20,5,162,65,14,3,244,2,11,45,0
20,5,179,44,23,1,247,2,12,0,1
20,5,175,59,11,3,248,2,12,15,1
20,5,173,63,13,2,251,2,12,30,1
20,5,144,66,11,3,224,2,12,45,1
20,5,132,68,22,4,226,2,13,0,1
20,5,161,50,10,0,221,2,13,15,1
20,5,151,56,29,1,237,2,13,30,1
20,5,168,59,24,1,252,2,13,45,1
20,5,144,65,20,3,232,2,14,0,1
20,5,179,63,12,2,256,2,14,15,1
20,5,161,56,12,4,233,2,14,30,1
20,5,134,67,12,1,214,2,14,45,1
20,5,140,70,23,4,237,2,15,0,1
20,5,66,29,24,1,120,1,15,15,1
20,5,60,27,17,2,106,1,15,30,1
20,5,89,27,10,2,128,1,15,45,1
20,5,81,29,5,0,115,1,16,0,1
20,5,78,22,12,1,113,1,16,15,1
20,5,71,24,18,2,115,1,16,30,1
20,5,50,26,9,1,86,0,16,45,1
20,5,55,28,5,0,88,0,17,0,1
20,5,61,20,25,1,107,1,17,15,1
20,5,76,22,14,2,114,1,17,30,1
20,5,50,20,23,1,94,1,17,45,1
20,5,89,26,0,2,117,1,18,0,1
20,5,62,20,17,0,99,1,18,15,1
20,5,83,20,23,2,128,1,18,30,1
20,5,65,20,2,0,87,0,18,45,1
20,5,60,21,2,1,84,0,19,0,1
20,5,36,8,3,9,56,0,19,15,1
20,5,39,5,4,11,59,0,19,30,1
20,5,26,8,3,0,37,0,19,45,1
20,5,23,4,0,5,32,0,20,0,1
20,5,50,2,0,4,56,0,20,15,1
20,5,30,2,3,1,36,0,20,30,1
20,5,48,10,4,2,64,0,20,45,1
20,5,39,6,6,1,52,0,21,0,1
20,5,47,10,3,9,69,0,21,15,1
20,5,26,3,5,3,37,0,21,30,1
20,5,25,6,3,9,43,0,21,45,1
20,5,19,1,0,11,31,0,22,0,1
20,5,16,5,0,26,47,1,22,15,1
20,5,15,2,1,39,57,1,22,30,1
20,5,14,5,0,11,30,0,22,45,1
20,5,12,2,0,20,34,1,23,0,1
20,5,11,2,0,35,48,1,23,15,1
20,5,18,5,1,11,35,0,23,30,1
20,5,17,2,0,20,39,1,23,45,1
21,7,19,5,1,30,55,1,0,0,0
21,7,17,4,1,24,46,1,0,15,0
21,7,16,3,0,14,33,1,0,30,0
21,7,16,3,1,23,43,1,0,45,0
21,7,20,0,1,17,38,1,1,0,0
21,7,20,0,0,37,57,1,1,15,0
21,7,18,0,1,30,49,1,1,30,0
21,7,19,1,0,14,34,1,1,45,0
21,7,18,5,0,29,52,1,2,0,0
21,7,11,1,0,22,34,1,2,15,0
21,7,20,3,0,24,47,1,2,30,0
21,7,12,2,1,10,25,0,2,45,0
21,7,19,5,1,31,56,1,3,0,0
21,7,10,0,0,32,42,1,3,15,0
21,7,14,1,1,12,28,0,3,30,0
21,7,14,2,1,24,41,1,3,45,0
21,7,10,3,0,32,45,1,4,0,0
21,7,97,23,6,17,143,1,4,15,0
21,7,104,22,7,11,144,1,4,30,0
21,7,100,15,8,20,143,1,4,45,0
21,7,87,7,7,4,105,0,5,0,0
21,7,77,27,8,10,122,1,5,15,0
21,7,51,7,4,5,67,0,5,30,0
21,7,79,1,10,6,96,0,5,45,0
21,7,100,40,29,5,174,2,6,0,0
21,7,112,13,39,0,164,3,6,15,0
21,7,120,16,34,2,172,2,6,30,0
21,7,123,14,26,3,166,3,6,45,0
21,7,142,27,27,4,200,2,7,0,0
21,7,139,38,49,2,228,2,7,15,0
21,7,134,24,21,2,181,2,7,30,0
21,7,102,13,31,0,146,3,7,45,0
21,7,102,16,43,4,165,3,8,0,0
21,7,106,16,32,1,155,3,8,15,0
21,7,117,19,42,3,181,2,8,30,0
21,7,139,36,40,3,218,2,8,45,0
21,7,121,13,25,2,161,1,9,0,0
21,7,65,19,16,11,111,1,9,15,0
21,7,12,25,39,28,104,1,9,30,0
21,7,98,21,10,5,134,1,9,45,0
21,7,58,9,25,13,105,1,10,0,0
21,7,81,10,39,29,159,3,10,15,0
21,7,67,20,33,29,149,3,10,30,0
21,7,68,22,25,16,131,1,10,45,0
21,7,47,10,6,22,85,1,11,0,0
21,7,45,7,10,27,89,1,11,15,0
21,7,54,5,11,24,94,1,11,30,0
21,7,61,7,15,28,111,1,11,45,0
21,7,56,5,4,29,94,1,12,0,1
21,7,23,5,4,27,59,1,12,15,1
21,7,31,6,8,23,68,1,12,30,1
21,7,27,7,14,28,76,1,12,45,1
21,7,30,7,3,30,70,1,13,0,1
21,7,114,21,5,14,154,1,13,15,1
21,7,46,24,35,16,121,3,13,30,1
21,7,68,29,29,20,146,3,13,45,1
21,7,45,16,15,5,81,0,14,0,1
21,7,86,13,11,20,130,1,14,15,1
21,7,44,11,19,15,89,1,14,30,1
21,7,45,17,13,20,95,1,14,45,1
21,7,106,17,7,12,142,1,15,0,1
21,7,44,16,9,13,82,1,15,15,1
21,7,77,23,13,9,122,1,15,30,1
21,7,53,17,26,8,104,1,15,45,1
21,7,138,18,20,8,184,2,16,0,1
21,7,142,24,39,9,214,2,16,15,1
21,7,114,25,21,7,167,1,16,30,1
21,7,116,35,42,6,199,2,16,45,1
21,7,149,22,37,8,216,2,17,0,1
21,7,100,12,39,7,158,3,17,15,1
21,7,101,23,45,5,174,2,17,30,1
21,7,122,40,48,10,220,2,17,45,1
21,7,112,34,39,9,194,2,18,0,1
21,7,112,12,41,5,170,2,18,15,1
21,7,116,22,23,7,168,2,18,30,1
21,7,90,13,15,33,151,3,18,45,1
21,7,85,14,14,13,126,1,19,0,1
21,7,59,25,13,27,124,3,19,15,1
21,7,108,5,15,22,150,3,19,30,1
21,7,75,8,16,25,124,3,19,45,1
21,7,96,15,12,27,150,3,20,0,1
21,7,61,17,10,8,96,0,20,15,1
21,7,84,25,20,30,159,3,20,30,1
21,7,55,9,12,19,95,1,20,45,1
21,7,65,16,12,32,125,3,21,0,1
21,7,87,16,10,16,129,1,21,15,1
21,7,75,5,12,21,113,3,21,30,1
21,7,82,16,14,34,146,3,21,45,1
21,7,11,3,0,34,48,1,22,0,1
21,7,15,5,0,14,34,1,22,15,1
21,7,18,5,1,13,37,1,22,30,1
21,7,19,2,1,34,56,1,22,45,1
21,7,20,4,1,26,51,1,23,0,1
21,7,14,4,0,10,28,0,23,15,1
21,7,11,1,1,36,49,1,23,30,1
21,7,10,2,1,15,28,1,23,45,1
22,6,10,3,0,33,46,1,0,0,0
22,6,14,3,0,23,40,1,0,15,0
22,6,11,5,1,11,28,0,0,30,0
22,6,10,1,1,34,46,1,0,45,0
22,6,20,4,1,17,42,1,1,0,0
22,6,17,5,0,24,46,1,1,15,0
22,6,12,2,1,18,33,1,1,30,0
22,6,15,0,1,16,32,1,1,45,0
22,6,19,5,0,15,39,1,2,0,0
22,6,11,3,1,39,54,1,2,15,0
22,6,14,5,0,10,29,0,2,30,0
22,6,20,0,1,33,54,1,2,45,0
22,6,13,1,1,33,48,1,3,0,0
22,6,18,2,1,12,33,0,3,15,0
22,6,19,2,1,23,45,1,3,30,0
22,6,10,4,0,36,50,1,3,45,0
22,6,13,4,0,17,34,1,4,0,0
22,6,86,28,2,18,134,1,4,15,0
22,6,59,29,9,14,111,1,4,30,0
22,6,102,20,9,13,144,1,4,45,0
22,6,114,28,8,16,166,1,5,0,0
22,6,87,23,5,0,115,1,5,15,0
22,6,88,5,8,13,114,1,5,30,0
22,6,83,6,4,9,102,0,5,45,0
22,6,150,19,24,3,196,2,6,0,0
22,6,148,35,46,1,230,2,6,15,0
22,6,146,23,23,4,196,2,6,30,0
22,6,140,21,39,3,203,2,6,45,0
22,6,149,36,35,1,221,2,7,0,0
22,6,125,34,42,0,201,2,7,15,0
22,6,147,34,20,5,206,2,7,30,0
22,6,128,33,21,4,186,2,7,45,0
22,6,111,38,50,5,204,2,8,0,0
22,6,144,20,32,4,200,2,8,15,0
22,6,121,14,23,1,159,1,8,30,0
22,6,136,36,40,4,216,2,8,45,0
22,6,114,21,23,1,159,1,9,0,0
22,6,75,17,37,29,158,3,9,15,0
22,6,34,5,27,22,88,1,9,30,0
22,6,45,6,7,15,73,1,9,45,0
22,6,65,10,6,27,108,1,10,0,0
22,6,67,25,20,18,130,1,10,15,0
22,6,50,25,25,28,128,3,10,30,0
22,6,37,19,38,12,106,1,10,45,0
22,6,36,8,3,29,76,1,11,0,0
22,6,63,5,8,23,99,1,11,15,0
22,6,67,5,7,22,101,1,11,30,0
22,6,36,9,14,22,81,1,11,45,0
22,6,57,8,10,22,97,1,12,0,1
22,6,65,7,14,25,111,1,12,15,1
22,6,54,10,3,29,96,1,12,30,1
22,6,41,5,4,25,75,1,12,45,1
22,6,43,9,3,25,80,1,13,0,1
22,6,9,27,32,17,85,1,13,15,1
22,6,101,28,18,20,167,1,13,30,1
22,6,99,16,16,18,149,1,13,45,1
22,6,20,27,32,12,91,1,14,0,1
22,6,96,16,39,17,168,2,14,15,1
22,6,62,28,18,20,128,1,14,30,1
22,6,58,27,17,5,107,1,14,45,1
22,6,60,18,28,12,118,3,15,0,1
22,6,81,26,13,17,137,1,15,15,1
22,6,118,15,27,13,173,2,15,30,1
22,6,53,12,25,20,110,1,15,45,1
22,6,132,12,27,9,180,2,16,0,1
22,6,149,14,50,5,218,2,16,15,1
22,6,106,35,41,5,187,2,16,30,1
22,6,150,29,27,7,213,2,16,45,1
22,6,110,30,46,5,191,2,17,0,1
22,6,129,35,34,5,203,2,17,15,1
22,6,133,21,26,5,185,2,17,30,1
22,6,148,34,45,7,234,2,17,45,1
22,6,144,39,43,8,234,2,18,0,1
22,6,126,27,44,8,205,2,18,15,1
22,6,103,34,49,5,191,2,18,30,1
22,6,96,7,13,30,146,3,18,45,1
22,6,54,17,17,19,107,1,19,0,1
22,6,98,16,17,15,146,1,19,15,1
22,6,72,6,19,8,105,1,19,30,1
22,6,69,23,12,31,135,3,19,45,1
22,6,85,13,16,24,138,3,20,0,1
22,6,102,22,12,9,145,1,20,15,1
22,6,103,14,20,14,151,1,20,30,1
22,6,80,12,10,22,124,3,20,45,1
22,6,63,18,11,5,97,0,21,0,1
22,6,84,21,13,9,127,1,21,15,1
22,6,72,10,10,29,121,3,21,30,1
22,6,79,22,17,13,131,1,21,45,1
22,6,12,5,0,27,44,1,22,0,1
22,6,19,1,1,38,59,1,22,15,1
22,6,14,3,0,33,50,1,22,30,1
22,6,16,3,1,37,57,1,22,45,1
22,6,14,5,0,37,56,1,23,0,1
22,6,11,2,1,20,34,1,23,15,1
22,6,20,3,0,25,48,1,23,30,1
22,6,20,0,1,30,51,1,23,45,1
23,1,13,2,1,17,33,1,0,0,0
23,1,20,1,1,19,41,1,0,15,0
23,1,10,2,1,12,25,0,0,30,0
23,1,14,2,0,25,41,1,0,45,0
23,1,12,0,1,16,29,1,1,0,0
23,1,11,5,1,31,48,1,1,15,0
23,1,13,1,1,16,31,1,1,30,0
23,1,17,3,0,10,30,0,1,45,0
23,1,11,1,0,22,34,1,2,0,0
23,1,10,4,1,16,31,1,2,15,0
23,1,15,3,1,32,51,1,2,30,0
23,1,10,0,0,22,32,1,2,45,0
23,1,20,1,1,16,38,1,3,0,0
23,1,16,1,1,15,33,1,3,15,0
23,1,14,4,1,32,51,1,3,30,0
23,1,16,1,1,37,55,1,3,45,0
23,1,10,2,1,36,49,1,4,0,0
23,1,96,18,7,2,123,1,4,15,0
23,1,51,14,0,5,70,0,4,30,0
23,1,63,25,2,8,98,0,4,45,0
23,1,72,7,1,4,84,0,5,0,0
23,1,86,18,6,1,111,0,5,15,0
23,1,105,4,4,20,133,1,5,30,0
23,1,117,10,10,18,155,1,5,45,0
23,1,120,36,32,0,188,2,6,0,0
23,1,135,20,31,0,186,2,6,15,0
23,1,112,40,42,3,197,2,6,30,0
23,1,135,13,20,3,171,2,6,45,0
23,1,105,35,24,2,166,1,7,0,0
23,1,150,25,36,0,211,2,7,15,0
23,1,108,27,23,2,160,1,7,30,0
23,1,108,40,45,1,194,2,7,45,0
23,1,118,19,21,1,159,1,8,0,0
23,1,131,18,41,1,191,2,8,15,0
23,1,148,31,20,4,203,2,8,30,0
23,1,120,26,22,1,169,2,8,45,0
23,1,147,12,32,0,191,2,9,0,0
23,1,73,9,35,12,129,3,9,15,0
23,1,93,21,22,29,165,3,9,30,0
23,1,66,2,10,28,106,1,9,45,0
23,1,18,6,6,6,36,0,10,0,0
23,1,78,1,16,30,125,3,10,15,0
23,1,69,15,24,20,128,1,10,30,0
23,1,82,2,40,17,141,3,10,45,0
23,1,57,9,5,23,94,1,11,0,0
23,1,25,5,14,26,70,1,11,15,0
23,1,40,9,15,28,92,1,11,30,0
23,1,52,6,13,21,92,1,11,45,0
23,1,45,8,13,29,95,1,12,0,1
23,1,67,10,7,25,109,1,12,15,1
23,1,20,8,14,30,72,1,12,30,1
23,1,44,8,4,29,85,1,12,45,1
23,1,63,5,8,29,105,1,13,0,1
23,1,119,15,20,13,167,1,13,15,1
23,1,103,10,23,7,143,1,13,30,1
23,1,42,14,15,14,85,1,13,45,1
23,1,67,20,24,12,123,1,14,0,1
23,1,56,18,29,17,120,3,14,15,1
23,1,65,16,32,15,128,3,14,30,1
23,1,107,11,26,19,163,3,14,45,1
23,1,11,18,22,10,61,1,15,0,1
23,1,28,15,27,12,82,1,15,15,1
23,1,45,17,7,6,75,0,15,30,1
23,1,66,12,27,6,111,1,15,45,1
23,1,104,40,22,9,175,2,16,0,1
23,1,113,21,26,5,165,3,16,15,1
23,1,120,29,37,6,192,2,16,30,1
23,1,129,10,39,6,184,2,16,45,1
23,1,119,29,40,10,198,2,17,0,1
23,1,119,25,32,9,185,2,17,15,1
23,1,123,10,30,7,170,2,17,30,1
23,1,111,33,28,5,177,2,17,45,1
23,1,110,12,47,8,177,2,18,0,1
23,1,139,15,43,9,206,2,18,15,1
23,1,132,29,25,7,193,2,18,30,1
23,1,51,8,18,18,95,1,18,45,1
23,1,76,5,14,20,115,1,19,0,1
23,1,53,15,13,23,104,1,19,15,1
23,1,50,25,19,9,103,1,19,30,1
23,1,86,24,20,34,164,3,19,45,1
23,1,67,23,14,13,117,1,20,0,1
23,1,54,9,15,7,85,0,20,15,1
23,1,59,12,16,35,122,3,20,30,1
23,1,109,25,15,5,154,1,20,45,1
23,1,73,18,10,35,136,3,21,0,1
23,1,65,24,14,19,122,1,21,15,1
23,1,94,10,11,22,137,3,21,30,1
23,1,106,9,12,31,158,3,21,45,1
23,1,18,3,0,11,32,0,22,0,1
23,1,17,1,1,36,55,1,22,15,1
23,1,12,0,0,22,34,1,22,30,1
23,1,11,1,0,19,31,1,22,45,1
23,1,16,1,0,32,49,1,23,0,1
23,1,12,3,1,13,29,1,23,15,1
23,1,14,4,1,27,46,1,23,30,1
23,1,11,3,1,37,52,1,23,45,1
24,2,17,2,0,18,37,1,0,0,0
24,2,18,4,1,39,62,1,0,15,0
24,2,20,4,0,32,56,1,0,30,0
24,2,15,0,0,28,43,1,0,45,0
24,2,11,4,0,12,27,0,1,0,0
24,2,19,5,1,35,60,1,1,15,0
24,2,15,0,1,26,42,1,1,30,0
24,2,11,4,0,31,46,1,1,45,0
24,2,19,2,1,33,55,1,2,0,0
24,2,12,4,1,29,46,1,2,15,0
24,2,15,5,1,16,37,1,2,30,0
24,2,14,4,1,21,40,1,2,45,0
24,2,19,4,1,17,41,1,3,0,0
24,2,10,2,1,12,25,0,3,15,0
24,2,10,0,0,11,21,0,3,30,0
24,2,20,4,1,33,58,1,3,45,0
24,2,10,1,0,12,23,0,4,0,0
24,2,73,12,5,5,95,0,4,15,0
24,2,95,15,4,19,133,1,4,30,0
24,2,81,19,3,13,116,1,4,45,0
24,2,119,25,10,9,163,1,5,0,0
24,2,80,10,4,15,109,1,5,15,0
24,2,102,24,3,16,145,1,5,30,0
24,2,68,17,6,10,101,0,5,45,0
24,2,109,40,38,0,187,2,6,0,0
24,2,124,25,31,1,181,2,6,15,0
24,2,126,22,21,1,170,2,6,30,0
24,2,120,31,29,5,185,2,6,45,0
24,2,101,20,47,5,173,2,7,0,0
24,2,139,40,48,2,229,2,7,15,0
24,2,116,23,23,4,166,1,7,30,0
24,2,101,14,24,0,139,1,7,45,0
24,2,137,40,21,5,203,2,8,0,0
24,2,131,26,36,0,193,2,8,15,0
24,2,114,27,45,4,190,2,8,30,0
24,2,102,14,46,1,163,3,8,45,0
24,2,116,24,32,5,177,2,9,0,0
24,2,29,10,21,12,72,1,9,15,0
24,2,41,12,15,10,78,0,9,30,0
24,2,41,9,7,27,84,1,9,45,0
24,2,90,25,26,10,151,3,10,0,0
24,2,64,25,17,20,126,1,10,15,0
24,2,64,10,17,23,114,3,10,30,0
24,2,69,17,5,28,119,3,10,45,0
24,2,59,9,9,21,98,1,11,0,0
24,2,44,10,12,29,95,1,11,15,0
24,2,43,5,6,26,80,1,11,30,0
24,2,65,7,10,21,103,1,11,45,0
24,2,29,5,12,21,67,1,12,0,1
24,2,24,9,8,20,61,1,12,15,1
24,2,44,6,4,26,80,1,12,30,1
24,2,35,10,12,24,81,1,12,45,1
24,2,43,10,15,21,89,1,13,0,1
24,2,45,17,24,11,97,1,13,15,1
24,2,108,21,37,14,180,2,13,30,1
24,2,53,19,33,9,114,3,13,45,1
24,2,75,23,31,13,142,3,14,0,1
24,2,70,18,5,19,112,1,14,15,1
24,2,52,25,15,19,111,1,14,30,1
24,2,9,18,24,9,60,1,14,45,1
24,2,47,21,9,18,95,1,15,0,1
24,2,116,20,17,19,172,2,15,15,1
24,2,65,14,6,9,94,0,15,30,1
24,2,93,12,13,13,131,1,15,45,1
24,2,100,21,45,9,175,2,16,0,1
24,2,121,24,31,6,182,2,16,15,1
24,2,110,15,50,5,180,2,16,30,1
24,2,103,17,28,5,153,3,16,45,1
24,2,136,38,20,5,199,2,17,0,1
24,2,119,22,32,9,182,2,17,15,1
24,2,132,17,36,5,190,2,17,30,1
24,2,147,10,41,5,203,2,17,45,1
24,2,111,12,44,6,173,2,18,0,1
24,2,102,27,32,5,166,3,18,15,1
24,2,137,25,29,7,198,2,18,30,1
24,2,71,17,15,31,134,3,18,45,1
24,2,64,25,11,15,115,1,19,0,1
24,2,70,16,15,29,130,3,19,15,1
24,2,91,9,11,32,143,3,19,30,1
24,2,95,6,11,35,147,3,19,45,1
24,2,76,16,10,31,133,3,20,0,1
24,2,87,17,18,7,129,1,20,15,1
24,2,63,22,12,29,126,3,20,30,1
24,2,56,17,20,8,101,1,20,45,1
24,2,102,18,19,29,168,2,21,0,1
24,2,60,23,10,13,106,1,21,15,1
24,2,88,6,18,25,137,3,21,30,1
24,2,104,15,10,32,161,3,21,45,1
24,2,16,1,1,26,44,1,22,0,1
24,2,12,1,0,12,25,0,22,15,1
24,2,16,1,0,29,46,1,22,30,1
24,2,13,5,0,31,49,1,22,45,1
24,2,20,1,1,27,49,1,23,0,1
24,2,18,0,0,29,47,1,23,15,1
24,2,16,3,1,26,46,1,23,30,1
24,2,18,0,0,21,39,1,23,45,1
25,3,11,5,0,24,40,1,0,0,0
25,3,13,1,0,10,24,0,0,15,0
25,3,10,1,0,26,37,1,0,30,0
25,3,19,5,1,22,47,1,0,45,0
25,3,20,0,0,10,30,0,1,0,0
25,3,16,4,1,39,60,1,1,15,0
25,3,19,1,1,11,32,0,1,30,0
25,3,20,4,0,38,62,1,1,45,0
25,3,15,1,1,15,32,1,2,0,0
25,3,10,0,0,33,43,1,2,15,0
25,3,20,5,0,24,49,1,2,30,0
25,3,12,2,1,35,50,1,2,45,0
25,3,10,4,1,37,52,1,3,0,0
25,3,15,4,0,38,57,1,3,15,0
25,3,19,0,1,39,59,1,3,30,0
25,3,16,4,0,35,55,1,3,45,0
25,3,20,3,1,35,59,1,4,0,0
25,3,118,1,0,4,123,1,4,15,0
25,3,89,20,4,17,130,1,4,30,0
25,3,120,18,6,13,157,1,4,45,0
25,3,85,7,3,18,113,1,5,0,0
25,3,99,8,2,14,123,1,5,15,0
25,3,59,25,2,7,93,0,5,30,0
25,3,58,25,2,5,90,0,5,45,0
25,3,113,40,36,4,193,2,6,0,0
25,3,113,16,50,2,181,2,6,15,0
25,3,121,27,50,4,202,2,6,30,0
25,3,150,17,28,0,195,2,6,45,0
25,3,136,29,23,0,188,2,7,0,0
25,3,142,32,27,2,203,2,7,15,0
25,3,106,32,42,2,182,2,7,30,0
25,3,103,21,20,0,144,1,7,45,0
25,3,131,19,26,1,177,2,8,0,0
25,3,133,23,21,3,180,2,8,15,0
25,3,123,17,50,1,191,2,8,30,0
25,3,124,21,35,2,182,2,8,45,0
25,3,136,26,20,4,186,2,9,0,0
25,3,92,10,39,19,160,3,9,15,0
25,3,82,7,13,19,121,1,9,30,0
25,3,42,2,28,27,99,1,9,45,0
25,3,24,17,17,9,67,1,10,0,0
25,3,42,19,17,12,90,1,10,15,0
25,3,100,12,5,23,140,3,10,30,0
25,3,11,25,30,22,88,1,10,45,0
25,3,27,7,10,22,66,1,11,0,0
25,3,38,7,11,20,76,1,11,15,0
25,3,49,10,6,27,92,1,11,30,0
25,3,66,9,7,28,110,1,11,45,0
25,3,70,8,3,22,103,1,12,0,1
25,3,58,7,6,27,98,1,12,15,1
25,3,53,9,13,29,104,1,12,30,1
25,3,22,5,6,26,59,1,12,45,1
25,3,40,10,11,28,89,1,13,0,1
25,3,58,13,10,12,93,0,13,15,1
25,3,60,25,24,17,126,1,13,30,1
25,3,25,11,24,17,77,1,13,45,1
25,3,22,28,11,18,79,1,14,0,1
25,3,6,11,37,15,69,1,14,15,1
25,3,92,18,34,18,162,3,14,30,1
25,3,97,17,38,20,172,2,14,45,1
25,3,92,18,31,6,147,3,15,0,1
25,3,74,12,17,16,119,1,15,15,1
25,3,67,22,7,5,101,0,15,30,1
25,3,84,20,25,15,144,1,15,45,1
25,3,144,15,42,8,209,2,16,0,1
25,3,120,11,47,7,185,2,16,15,1
25,3,108,10,36,6,160,3,16,30,1
25,3,141,13,50,6,210,2,16,45,1
25,3,121,37,29,8,195,2,17,0,1
25,3,142,40,22,6,210,2,17,15,1
25,3,137,23,28,7,195,2,17,30,1
25,3,117,10,27,8,162,3,17,45,1
25,3,100,16,37,7,160,3,18,0,1
25,3,148,11,42,8,209,2,18,15,1
25,3,148,27,39,6,220,2,18,30,1
25,3,65,18,20,21,124,3,18,45,1
25,3,75,9,14,6,104,0,19,0,1
25,3,85,15,20,29,149,3,19,15,1
25,3,57,21,20,18,116,1,19,30,1
25,3,50,7,13,30,100,1,19,45,1
25,3,87,21,14,34,156,3,20,0,1
25,3,64,24,11,6,105,0,20,15,1
25,3,76,6,18,14,114,1,20,30,1
25,3,69,11,12,8,100,0,20,45,1
25,3,76,9,17,14,116,1,21,0,1
25,3,94,8,15,5,122,1,21,15,1
25,3,104,10,16,33,163,3,21,30,1
25,3,98,13,13,33,157,3,21,45,1
25,3,13,5,0,18,36,1,22,0,1
25,3,17,1,0,11,29,0,22,15,1
25,3,18,2,1,34,55,1,22,30,1
25,3,11,1,0,35,47,1,22,45,1
25,3,17,4,0,11,32,0,23,0,1
25,3,17,1,1,23,42,1,23,15,1
25,3,17,2,0,23,42,1,23,30,1
25,3,16,4,1,30,51,1,23,45,1
26,4,15,5,1,23,44,1,0,0,0
26,4,18,0,0,31,49,1,0,15,0
26,4,10,1,0,17,28,1,0,30,0
26,4,13,2,0,32,47,1,0,45,0
26,4,16,1,0,38,55,1,1,0,0
26,4,11,4,0,32,47,1,1,15,0
26,4,12,2,0,26,40,1,1,30,0
26,4,14,2,1,14,31,1,1,45,0
26,4,18,2,0,37,57,1,2,0,0
26,4,17,1,1,22,41,1,2,15,0
26,4,12,3,0,29,44,1,2,30,0
26,4,20,5,0,30,55,1,2,45,0
26,4,17,5,1,19,42,1,3,0,0
26,4,12,0,1,33,46,1,3,15,0
26,4,19,1,0,20,40,1,3,30,0
26,4,11,4,1,38,54,1,3,45,0
26,4,14,5,0,39,58,1,4,0,0
26,4,102,20,4,12,138,1,4,15,0
26,4,92,4,6,18,120,1,4,30,0
26,4,54,14,10,16,94,1,4,45,0
26,4,55,15,1,10,81,0,5,0,0
26,4,64,27,5,5,101,0,5,15,0
26,4,52,13,5,15,85,1,5,30,0
26,4,73,11,4,3,91,0,5,45,0
26,4,106,27,45,5,183,2,6,0,0
26,4,145,21,40,5,211,2,6,15,0
26,4,133,19,28,5,185,2,6,30,0
26,4,117,31,49,0,197,2,6,45,0
26,4,146,17,34,0,197,2,7,0,0
26,4,101,35,42,3,181,2,7,15,0
26,4,103,28,32,1,164,3,7,30,0
26,4,150,10,26,0,186,2,7,45,0
26,4,135,23,48,0,206,2,8,0,0
26,4,104,10,48,2,164,3,8,15,0
26,4,144,39,50,1,234,2,8,30,0
26,4,132,10,49,0,191,2,8,45,0
26,4,142,19,31,1,193,2,9,0,0
26,4,45,4,30,29,108,1,9,15,0
26,4,27,24,10,5,66,0,9,30,0
26,4,85,3,14,16,118,1,9,45,0
26,4,84,11,27,26,148,3,10,0,0
26,4,90,4,10,20,124,1,10,15,0
26,4,13,19,39,12,83,1,10,30,0
26,4,11,1,37,9,58,1,10,45,0
26,4,57,10,4,27,98,1,11,0,0
26,4,52,10,9,23,94,1,11,15,0
26,4,38,7,13,21,79,1,11,30,0
26,4,35,7,15,24,81,1,11,45,0
26,4,60,10,12,21,103,1,12,0,1
26,4,70,10,3,30,113,3,12,15,1
26,4,34,8,6,30,78,1,12,30,1
26,4,44,6,4,27,81,1,12,45,1
26,4,21,5,4,25,55,1,13,0,1
26,4,106,10,11,11,138,1,13,15,1
26,4,82,30,32,10,154,3,13,30,1
26,4,57,12,9,17,95,1,13,45,1
26,4,60,18,21,10,109,1,14,0,1
26,4,79,17,34,8,138,3,14,15,1
26,4,78,29,22,13,142,1,14,30,1
26,4,69,14,32,18,133,3,14,45,1
26,4,84,25,5,9,123,1,15,0,1
26,4,62,11,28,5,106,1,15,15,1
26,4,33,17,22,18,90,1,15,30,1
26,4,14,21,23,6,64,1,15,45,1
26,4,127,27,40,5,199,2,16,0,1
26,4,136,10,27,7,180,2,16,15,1
26,4,148,14,37,9,208,2,16,30,1
26,4,122,16,28,6,172,2,16,45,1
26,4,132,12,45,9,198,2,17,0,1
26,4,136,29,29,10,204,2,17,15,1
26,4,103,33,48,10,194,2,17,30,1
26,4,132,37,23,10,202,2,17,45,1
26,4,136,39,39,6,220,2,18,0,1
26,4,120,24,36,5,185,2,18,15,1
26,4,126,34,38,9,207,2,18,30,1
26,4,80,22,14,18,134,1,18,45,1
26,4,99,9,15,29,152,3,19,0,1
26,4,81,21,19,7,128,1,19,15,1
26,4,87,9,16,26,138,3,19,30,1
26,4,80,17,13,30,140,3,19,45,1
26,4,91,18,18,9,136,1,20,0,1
26,4,90,19,15,13,137,1,20,15,1
26,4,107,19,10,23,159,3,20,30,1
26,4,98,11,14,27,150,3,20,45,1
26,4,98,18,20,22,158,3,21,0,1
26,4,102,5,12,17,136,1,21,15,1
26,4,62,13,16,28,119,3,21,30,1
26,4,101,15,12,35,163,3,21,45,1
26,4,17,5,1,16,39,1,22,0,1
26,4,10,4,1,37,52,1,22,15,1
26,4,16,4,0,35,55,1,22,30,1
26,4,17,2,0,17,36,1,22,45,1
26,4,17,0,0,27,44,1,23,0,1
26,4,17,4,1,25,47,1,23,15,1
26,4,15,2,0,15,32,1,23,30,1
26,4,20,0,1,12,33,0,23,45,1
27,5,16,3,0,28,47,1,0,0,0
27,5,13,2,1,28,44,1,0,15,0
27,5,15,5,0,26,46,1,0,30,0
27,5,15,2,1,16,34,1,0,45,0
27,5,12,3,0,26,41,1,1,0,0
27,5,15,5,0,27,47,1,1,15,0
27,5,20,2,0,17,39,1,1,30,0
27,5,12,2,0,16,30,1,1,45,0
27,5,19,1,0,38,58,1,2,0,0
27,5,16,1,1,32,50,1,2,15,0
27,5,12,0,0,11,23,0,2,30,0
27,5,16,5,1,29,51,1,2,45,0
27,5,19,5,1,18,43,1,3,0,0
27,5,11,0,0,15,26,1,3,15,0
27,5,15,4,1,17,37,1,3,30,0
27,5,20,1,0,23,44,1,3,45,0
27,5,10,4,0,36,50,1,4,0,0
27,5,39,14,0,15,68,1,4,15,0
27,5,33,7,3,10,53,0,4,30,0
27,5,77,8,7,15,107,1,4,45,0
27,5,80,18,6,11,115,1,5,0,0
27,5,53,11,7,15,86,1,5,15,0
27,5,73,17,6,13,109,1,5,30,0
27,5,77,20,4,13,114,1,5,45,0
27,5,76,14,1,12,103,0,6,0,0
27,5,58,14,0,15,87,1,6,15,0
27,5,57,18,7,13,95,1,6,30,0
27,5,80,16,0,10,106,0,6,45,0
27,5,38,7,1,13,59,1,7,0,0
27,5,53,20,6,12,91,0,7,15,0
27,5,30,9,7,10,56,0,7,30,0
27,5,50,19,4,10,83,0,7,45,0
27,5,31,14,3,14,62,1,8,0,0
27,5,28,18,5,10,61,0,8,15,0
27,5,31,15,4,12,62,0,8,30,0
27,5,52,19,0,10,81,0,8,45,0
27,5,42,9,2,13,66,1,9,0,0
27,5,151,55,27,2,235,2,9,15,0
27,5,180,69,29,1,279,2,9,30,0
27,5,149,41,23,3,216,2,9,45,0
27,5,167,60,27,3,257,2,10,0,0
27,5,134,45,22,3,204,2,10,15,0
27,5,180,62,26,4,272,2,10,30,0
27,5,156,54,25,3,238,2,10,45,0
27,5,171,60,18,1,250,2,11,0,0
27,5,174,53,10,3,240,2,11,15,0
27,5,154,61,16,3,234,2,11,30,0
27,5,161,53,11,1,226,2,11,45,0
27,5,148,48,13,2,211,2,12,0,1
27,5,136,60,27,2,225,2,12,15,1
27,5,143,68,16,0,227,2,12,30,1
27,5,152,51,22,2,227,2,12,45,1
27,5,132,58,15,4,209,2,13,0,1
27,5,155,58,15,4,232,2,13,15,1
27,5,144,62,12,3,221,2,13,30,1
27,5,161,51,20,1,233,2,13,45,1
27,5,137,46,13,2,198,2,14,0,1
27,5,149,61,16,1,227,2,14,15,1
27,5,158,46,20,1,225,2,14,30,1
27,5,134,65,22,0,221,2,14,45,1
27,5,134,65,10,2,211,2,15,0,1
27,5,73,24,4,0,101,0,15,15,1
27,5,64,23,21,1,109,1,15,30,1
27,5,51,27,25,2,105,1,15,45,1
27,5,80,22,17,0,119,1,16,0,1
27,5,61,26,8,0,95,0,16,15,1
27,5,75,24,8,0,107,0,16,30,1
27,5,82,20,15,2,119,1,16,45,1
27,5,53,28,21,1,103,1,17,0,1
27,5,68,29,14,0,111,0,17,15,1
27,5,63,28,22,0,113,1,17,30,1
27,5,76,30,20,1,127,1,17,45,1
27,5,66,23,10,0,99,0,18,0,1
27,5,50,23,1,0,74,0,18,15,1
27,5,60,29,22,2,113,1,18,30,1
27,5,75,26,11,0,112,1,18,45,1
27,5,81,22,18,2,123,1,19,0,1
27,5,33,6,0,4,43,0,19,15,1
27,5,21,5,6,15,47,1,19,30,1
27,5,22,7,1,2,32,0,19,45,1
27,5,31,6,0,15,52,1,20,0,1
27,5,41,8,3,2,54,0,20,15,1
27,5,24,6,5,11,46,0,20,30,1
27,5,45,6,6,10,67,0,20,45,1
27,5,24,11,6,2,43,0,21,0,1
27,5,47,6,2,12,67,0,21,15,1
27,5,46,1,1,4,52,0,21,30,1
27,5,26,3,2,3,34,0,21,45,1
27,5,20,4,0,39,63,1,22,0,1
27,5,20,1,1,27,49,1,22,15,1
27,5,19,0,1,17,37,1,22,30,1
27,5,11,3,1,19,34,1,22,45,1
27,5,17,5,1,31,54,1,23,0,1
27,5,19,4,0,12,35,0,23,15,1
27,5,11,1,0,38,50,1,23,30,1
27,5,12,0,0,17,29,1,23,45,1
28,6,18,0,0,27,45,1,0,0,0
28,6,19,4,0,14,37,1,0,15,0
28,6,13,2,0,28,43,1,0,30,0
28,6,18,4,1,23,46,1,0,45,0
28,6,20,0,0,11,31,0,1,0,0
28,6,11,4,1,22,38,1,1,15,0
28,6,15,2,0,18,35,1,1,30,0
28,6,16,3,0,34,53,1,1,45,0
28,6,11,2,0,18,31,1,2,0,0
28,6,17,4,1,38,60,1,2,15,0
28,6,20,4,1,28,53,1,2,30,0
28,6,19,0,1,37,57,1,2,45,0
28,6,10,2,1,34,47,1,3,0,0
28,6,19,0,0,17,36,1,3,15,0
28,6,15,0,0,30,45,1,3,30,0
28,6,10,2,0,31,43,1,3,45,0
28,6,18,3,0,17,38,1,4,0,0
28,6,97,22,4,18,141,1,4,15,0
28,6,111,12,9,17,149,1,4,30,0
28,6,108,10,5,17,140,1,4,45,0
28,6,74,24,10,20,128,1,5,0,0
28,6,114,4,8,20,146,1,5,15,0
28,6,91,16,5,11,123,1,5,30,0
28,6,66,3,9,19,97,1,5,45,0
28,6,104,32,23,5,164,1,6,0,0
28,6,128,18,31,3,180,2,6,15,0
28,6,127,24,27,0,178,2,6,30,0
28,6,130,31,22,0,183,2,6,45,0
28,6,108,13,38,1,160,3,7,0,0
28,6,116,22,37,2,177,2,7,15,0
28,6,143,28,27,4,202,2,7,30,0
28,6,118,32,21,5,176,2,7,45,0
28,6,121,35,32,0,188,2,8,0,0
28,6,109,28,39,2,178,2,8,15,0
28,6,135,11,23,5,174,2,8,30,0
28,6,100,30,29,2,161,3,8,45,0
28,6,138,32,26,4,200,2,9,0,0
28,6,29,9,21,23,82,1,9,15,0
28,6,36,17,7,30,90,1,9,30,0
28,6,42,9,37,28,116,3,9,45,0
28,6,80,6,12,6,104,0,10,0,0
28,6,37,21,28,6,92,1,10,15,0
28,6,44,17,27,30,118,3,10,30,0
28,6,25,12,13,5,55,0,10,45,0
28,6,36,9,9,30,84,1,11,0,0
28,6,63,7,10,29,109,1,11,15,0
28,6,20,5,13,22,60,1,11,30,0
28,6,53,8,6,23,90,1,11,45,0
28,6,41,7,5,26,79,1,12,0,1
28,6,36,9,13,29,87,1,12,15,1
28,6,65,10,8,22,105,1,12,30,1
28,6,55,6,5,27,93,1,12,45,1
28,6,63,8,15,30,116,3,13,0,1
28,6,19,26,32,18,95,1,13,15,1
28,6,84,11,11,9,115,1,13,30,1
28,6,110,23,34,9,176,2,13,45,1
28,6,46,20,18,5,89,1,14,0,1
28,6,67,12,10,20,109,1,14,15,1
28,6,42,25,20,19,106,1,14,30,1
28,6,87,17,18,6,128,1,14,45,1
28,6,45,24,31,11,111,1,15,0,1
28,6,80,26,35,6,147,3,15,15,1
28,6,83,18,6,15,122,1,15,30,1
28,6,68,19,15,11,113,1,15,45,1
28,6,101,37,48,9,195,2,16,0,1
28,6,149,32,29,10,220,2,16,15,1
28,6,136,21,33,9,199,2,16,30,1
28,6,105,20,23,7,155,1,16,45,1
28,6,125,12,20,8,165,1,17,0,1
28,6,125,14,26,5,170,2,17,15,1
28,6,118,28,23,8,177,2,17,30,1
28,6,114,32,45,6,197,2,17,45,1
28,6,123,37,46,8,214,2,18,0,1
28,6,115,23,22,7,167,1,18,15,1
28,6,111,25,35,10,181,2,18,30,1
28,6,66,8,11,9,94,0,18,45,1
28,6,103,12,17,23,155,3,19,0,1
28,6,94,14,14,24,146,3,19,15,1
28,6,105,23,15,18,161,1,19,30,1
28,6,53,22,14,35,124,3,19,45,1
28,6,74,10,12,32,128,3,20,0,1
28,6,71,24,15,26,136,3,20,15,1
28,6,61,21,15,32,129,3,20,30,1
28,6,101,25,18,8,152,1,20,45,1
28,6,104,22,10,14,150,1,21,0,1
28,6,79,20,15,18,132,1,21,15,1
28,6,70,20,11,14,115,1,21,30,1
28,6,74,16,14,34,138,3,21,45,1
28,6,20,5,0,21,46,1,22,0,1
28,6,16,0,0,36,52,1,22,15,1
28,6,14,3,0,20,37,1,22,30,1
28,6,14,1,1,30,46,1,22,45,1
28,6,17,0,1,12,30,0,23,0,1
28,6,14,0,0,14,28,1,23,15,1
28,6,18,5,0,40,63,1,23,30,1
28,6,17,2,0,18,37,1,23,45,1
29,7,14,1,1,35,51,1,0,0,0
29,7,14,2,1,26,43,1,0,15,0
29,7,16,0,1,37,54,1,0,30,0
29,7,14,4,1,32,51,1,0,45,0
29,7,19,5,0,12,36,0,1,0,0
29,7,11,0,1,31,43,1,1,15,0
29,7,12,0,0,32,44,1,1,30,0
29,7,12,3,0,32,47,1,1,45,0
29,7,18,4,1,31,54,1,2,0,0
29,7,17,4,1,20,42,1,2,15,0
29,7,17,0,0,22,39,1,2,30,0
29,7,19,2,1,12,34,0,2,45,0
29,7,18,2,1,19,40,1,3,0,0
29,7,19,5,0,26,50,1,3,15,0
29,7,19,5,1,35,60,1,3,30,0
29,7,18,0,0,20,38,1,3,45,0
29,7,16,0,0,30,46,1,4,0,0
29,7,114,30,9,7,160,1,4,15,0
29,7,102,17,2,14,135,1,4,30,0
29,7,55,4,7,13,79,1,4,45,0
29,7,82,2,4,14,102,1,5,0,0
29,7,66,16,9,19,110,1,5,15,0
29,7,86,5,1,13,105,1,5,30,0
29,7,108,24,2,19,153,1,5,45,0
29,7,112,30,26,0,168,2,6,0,0
29,7,147,31,46,0,224,2,6,15,0
29,7,116,20,40,2,178,2,6,30,0
29,7,138,13,21,5,177,2,6,45,0
29,7,132,25,40,2,199,2,7,0,0
29,7,124,14,31,4,173,2,7,15,0
29,7,106,27,25,1,159,1,7,30,0
29,7,104,24,29,5,162,3,7,45,0
29,7,140,31,21,4,196,2,8,0,0
29,7,121,35,37,3,196,2,8,15,0
29,7,135,23,37,5,200,2,8,30,0
29,7,149,20,30,5,204,2,8,45,0
29,7,117,14,39,0,170,2,9,0,0
29,7,39,8,23,13,83,1,9,15,0
29,7,40,14,18,21,93,1,9,30,0
29,7,49,1,35,18,103,1,9,45,0
29,7,38,12,35,25,110,1,10,0,0
29,7,26,15,25,6,72,1,10,15,0
29,7,93,14,10,25,142,3,10,30,0
29,7,54,24,37,20,135,3,10,45,0
29,7,32,6,10,23,71,1,11,0,0
29,7,43,7,12,23,85,1,11,15,0
29,7,23,6,15,20,64,1,11,30,0
29,7,26,5,8,25,64,1,11,45,0
29,7,55,7,8,27,97,1,12,0,1
29,7,70,10,8,25,113,3,12,15,1
29,7,66,10,3,29,108,1,12,30,1
29,7,66,7,15,26,114,3,12,45,1
29,7,46,6,7,21,80,1,13,0,1
29,7,47,26,6,20,99,1,13,15,1
29,7,75,20,7,11,113,1,13,30,1
29,7,76,29,15,19,139,1,13,45,1
29,7,56,14,38,12,120,3,14,0,1
29,7,19,26,36,17,98,1,14,15,1
29,7,29,18,10,9,66,0,14,30,1
29,7,15,12,18,15,60,1,14,45,1
29,7,53,27,27,17,124,3,15,0,1
29,7,95,22,28,9,154,3,15,15,1
29,7,27,27,32,10,96,1,15,30,1
29,7,68,28,31,15,142,3,15,45,1
29,7,120,14,25,8,167,1,16,0,1
29,7,144,28,24,8,204,2,16,15,1
29,7,112,31,43,8,194,2,16,30,1
29,7,149,28,20,10,207,2,16,45,1
29,7,131,29,34,8,202,2,17,0,1
29,7,104,31,41,9,185,2,17,15,1
29,7,141,30,27,7,205,2,17,30,1
29,7,117,10,47,9,183,2,17,45,1
29,7,112,13,37,6,168,2,18,0,1
29,7,127,40,39,8,214,2,18,15,1
29,7,131,15,31,6,183,2,18,30,1
29,7,66,8,10,11,95,0,18,45,1
29,7,61,23,18,34,136,3,19,0,1
29,7,55,25,13,26,119,3,19,15,1
29,7,85,23,20,6,134,1,19,30,1
29,7,75,20,19,19,133,1,19,45,1
29,7,58,17,20,22,117,3,20,0,1
29,7,60,23,11,26,120,3,20,15,1
29,7,80,21,11,7,119,1,20,30,1
29,7,74,9,14,35,132,3,20,45,1
29,7,57,14,11,16,98,1,21,0,1
29,7,73,9,13,5,100,0,21,15,1
29,7,80,25,19,26,150,3,21,30,1
29,7,82,13,12,21,128,3,21,45,1
29,7,15,4,0,27,46,1,22,0,1
29,7,20,2,0,29,51,1,22,15,1
29,7,12,2,0,39,53,1,22,30,1
29,7,10,4,1,13,28,1,22,45,1
29,7,16,0,1,29,46,1,23,0,1
29,7,18,0,0,34,52,1,23,15,1
29,7,11,5,1,19,36,1,23,30,1
29,7,16,1,0,12,29,0,23,45,1
30,1,13,3,1,12,29,0,0,0,0
30,1,19,2,0,22,43,1,0,15,0
30,1,13,3,0,39,55,1,0,30,0
30,1,12,0,0,24,36,1,0,45,0
30,1,10,3,1,12,26,0,1,0,0
30,1,11,4,0,38,53,1,1,15,0
30,1,18,4,0,31,53,1,1,30,0
30,1,19,1,0,34,54,1,1,45,0
30,1,18,1,0,27,46,1,2,0,0
30,1,13,0,0,26,39,1,2,15,0
30,1,12,2,0,35,49,1,2,30,0
30,1,15,4,0,12,31,0,2,45,0
30,1,10,5,0,33,48,1,3,0,0
30,1,14,0,0,15,29,1,3,15,0
30,1,16,0,0,16,32,1,3,30,0
30,1,15,3,1,26,45,1,3,45,0
30,1,20,4,0,34,58,1,4,0,0
30,1,82,20,10,11,123,1,4,15,0
30,1,99,7,3,6,115,1,4,30,0
30,1,74,29,9,4,116,1,4,45,0
30,1,94,1,1,14,110,1,5,0,0
30,1,63,12,10,17,102,1,5,15,0
30,1,101,4,3,12,120,1,5,30,0
30,1,106,9,3,10,128,1,5,45,0
30,1,112,15,24,1,152,1,6,0,0
30,1,148,26,25,0,199,2,6,15,0
30,1,115,20,31,3,169,2,6,30,0
30,1,125,11,24,0,160,1,6,45,0
30,1,140,38,38,0,216,2,7,0,0
30,1,150,17,35,5,207,2,7,15,0
30,1,149,11,42,2,204,2,7,30,0
30,1,150,22,38,3,213,2,7,45,0
30,1,147,32,25,4,208,2,8,0,0
30,1,138,39,45,4,226,2,8,15,0
30,1,149,16,49,1,215,2,8,30,0
30,1,139,10,50,2,201,2,8,45,0
30,1,109,25,49,2,185,2,9,0,0
30,1,84,24,12,28,148,3,9,15,0
30,1,38,8,6,5,57,0,9,30,0
30,1,45,16,6,21,88,1,9,45,0
30,1,57,4,36,14,111,1,10,0,0
30,1,84,12,6,28,130,3,10,15,0
30,1,55,25,33,21,134,3,10,30,0
30,1,14,15,5,21,55,1,10,45,0
30,1,26,8,11,20,65,1,11,0,0
30,1,60,10,9,27,106,1,11,15,0
30,1,34,6,7,25,72,1,11,30,0
30,1,22,9,8,26,65,1,11,45,0
30,1,59,10,11,30,110,1,12,0,1
30,1,48,6,14,28,96,1,12,15,1
30,1,46,9,11,23,89,1,12,30,1
30,1,37,9,8,20,74,1,12,45,1
30,1,67,9,11,21,108,1,13,0,1
30,1,32,19,39,9,99,1,13,15,1
30,1,63,12,22,5,102,1,13,30,1
30,1,32,29,25,11,97,1,13,45,1
30,1,83,22,40,20,165,3,14,0,1
30,1,40,14,31,19,104,1,14,15,1
30,1,101,22,39,19,181,2,14,30,1
30,1,62,29,31,11,133,3,14,45,1
30,1,20,19,25,8,72,1,15,0,1
30,1,42,22,5,9,78,0,15,15,1
30,1,37,17,12,16,82,1,15,30,1
30,1,95,12,20,15,142,1,15,45,1
30,1,137,14,41,10,202,2,16,0,1
30,1,122,21,20,10,173,2,16,15,1
30,1,104,19,39,9,171,2,16,30,1
30,1,147,21,40,9,217,2,16,45,1
30,1,105,38,34,7,184,2,17,0,1
30,1,124,23,46,5,198,2,17,15,1
30,1,135,18,20,5,178,2,17,30,1
30,1,107,35,23,8,173,2,17,45,1
30,1,109,21,24,10,164,1,18,0,1
30,1,136,32,26,8,202,2,18,15,1
30,1,134,23,49,8,214,2,18,30,1
30,1,90,20,11,25,146,3,18,45,1
30,1,104,5,16,16,141,1,19,0,1
30,1,60,21,13,6,100,0,19,15,1
30,1,104,22,11,13,150,1,19,30,1
30,1,54,23,10,25,112,3,19,45,1
30,1,68,6,15,34,123,3,20,0,1
30,1,88,13,19,19,139,1,20,15,1
30,1,64,22,16,16,118,1,20,30,1
30,1,58,24,14,24,120,3,20,45,1
30,1,67,19,12,9,107,0,21,0,1
30,1,73,20,18,7,118,1,21,15,1
30,1,109,25,16,20,170,2,21,30,1
30,1,63,15,11,23,112,3,21,45,1
30,1,19,4,1,26,50,1,22,0,1
30,1,15,1,0,34,50,1,22,15,1
30,1,15,5,1,14,35,1,22,30,1
30,1,19,3,1,33,56,1,22,45,1
30,1,18,4,0,11,33,0,23,0,1
30,1,14,1,0,27,42,1,23,15,1
30,1,19,0,0,37,56,1,23,30,1
30,1,19,0,0,29,48,1,23,45,1
31,2,18,1,0,30,49,1,0,0,0
31,2,19,3,0,18,40,1,0,15,0
31,2,15,2,1,34,52,1,0,30,0
31,2,17,0,1,14,32,1,0,45,0
31,2,12,0,0,33,45,1,1,0,0
31,2,20,0,1,20,41,1,1,15,0
31,2,10,2,0,18,30,1,1,30,0
31,2,13,3,0,31,47,1,1,45,0
31,2,10,0,1,38,49,1,2,0,0
31,2,19,1,1,28,49,1,2,15,0
31,2,19,4,0,16,39,1,2,30,0
31,2,16,1,0,15,32,1,2,45,0
31,2,17,1,0,34,52,1,3,0,0
31,2,19,1,0,21,41,1,3,15,0
31,2,10,1,0,39,50,1,3,30,0
31,2,16,4,0,15,35,1,3,45,0
31,2,13,0,0,16,29,1,4,0,0
31,2,98,5,1,17,121,1,4,15,0
31,2,65,10,3,8,86,0,4,30,0
31,2,98,17,0,20,135,1,4,45,0
31,2,60,20,5,6,91,0,5,0,0
31,2,110,18,10,11,149,1,5,15,0
31,2,70,13,4,13,100,1,5,30,0
31,2,96,12,7,17,132,1,5,45,0
31,2,129,31,36,1,197,2,6,0,0
31,2,146,28,47,3,224,2,6,15,0
31,2,137,23,27,0,187,2,6,30,0
31,2,131,28,24,0,183,2,6,45,0
31,2,134,10,44,0,188,2,7,0,0
31,2,109,25,24,0,158,1,7,15,0
31,2,108,35,22,3,168,2,7,30,0
31,2,146,14,37,2,199,2,7,45,0
31,2,147,21,41,5,214,2,8,0,0
31,2,110,34,35,0,179,2,8,15,0
31,2,110,40,50,2,202,2,8,30,0
31,2,123,12,22,3,160,1,8,45,0
31,2,145,25,20,5,195,2,9,0,0
31,2,82,15,16,29,142,3,9,15,0
31,2,62,2,7,22,93,1,9,30,0
31,2,92,8,11,21,132,3,9,45,0
31,2,35,22,22,18,97,1,10,0,0
31,2,66,25,13,13,117,1,10,15,0
31,2,50,2,25,12,89,1,10,30,0
31,2,50,22,24,7,103,1,10,45,0
31,2,50,8,5,24,87,1,11,0,0
31,2,55,5,5,21,86,1,11,15,0
31,2,51,10,14,24,99,1,11,30,0
31,2,34,8,14,21,77,1,11,45,0
31,2,25,7,5,20,57,1,12,0,1
31,2,59,7,9,21,96,1,12,15,1
31,2,38,10,9,24,81,1,12,30,1
31,2,70,10,9,23,112,3,12,45,1
31,2,63,8,13,22,106,1,13,0,1
31,2,6,24,12,13,55,1,13,15,1
31,2,108,17,16,16,157,1,13,30,1
31,2,41,20,32,12,105,1,13,45,1
31,2,54,10,20,9,93,1,14,0,1
31,2,60,19,14,7,100,0,14,15,1
31,2,102,11,9,11,133,1,14,30,1
31,2,50,24,30,5,109,1,14,45,1
31,2,25,24,19,10,78,1,15,0,1
31,2,90,25,18,20,153,1,15,15,1
31,2,86,13,27,11,137,3,15,30,1
31,2,44,19,17,9,89,1,15,45,1
31,2,126,24,35,8,193,2,16,0,1
31,2,146,26,42,9,223,1,16,15,1
31,2,117,28,33,10,188,2,16,30,1
31,2,144,36,49,10,239,2,16,45,1
31,2,137,19,23,9,188,2,17,0,1
31,2,118,19,48,5,190,2,17,15,1
31,2,119,27,28,8,182,2,17,30,1
31,2,149,26,43,5,223,1,17,45,1
31,2,117,34,36,10,197,2,18,0,1
31,2,124,30,44,10,208,2,18,15,1
31,2,141,36,48,5,230,2,18,30,1
31,2,78,6,11,28,123,3,18,45,1
31,2,102,23,16,24,165,3,19,0,1
31,2,104,18,18,23,163,3,19,15,1
31,2,95,9,19,7,130,1,19,30,1
31,2,105,13,12,20,150,1,19,45,1
31,2,100,18,16,34,168,2,20,0,1
31,2,80,14,20,15,129,1,20,15,1
31,2,86,8,19,7,120,1,20,30,1
31,2,108,20,14,15,157,1,20,45,1
31,2,69,13,13,8,103,0,21,0,1
31,2,64,14,10,6,94,0,21,15,1
31,2,71,14,17,10,112,1,21,30,1
31,2,61,9,18,24,112,3,21,45,1
31,2,11,4,0,31,46,1,22,0,1
31,2,17,5,0,14,36,1,22,15,1
31,2,15,5,0,18,38,1,22,30,1
31,2,14,2,0,40,56,1,22,45,1
31,2,12,2,1,28,43,1,23,0,1
31,2,18,0,1,40,59,1,23,15,1
31,2,14,5,0,13,32,1,23,30,1
31,2,18,1,0,26,45,1,23,45,1
1,3,14,0,0,34,48,1,0,0,0
1,3,17,5,0,23,45,1,0,15,0
1,3,19,1,1,18,39,1,0,30,0
1,3,15,5,1,12,33,0,0,45,0
1,3,13,2,1,26,42,1,1,0,0
1,3,15,3,0,32,50,1,1,15,0
1,3,15,0,1,13,29,1,1,30,0
1,3,18,5,1,12,36,0,1,45,0
1,3,17,1,0,29,47,1,2,0,0
1,3,10,4,0,19,33,1,2,15,0
1,3,15,0,0,18,33,1,2,30,0
1,3,11,0,0,35,46,1,2,45,0
1,3,20,5,1,34,60,1,3,0,0
1,3,15,5,1,32,53,1,3,15,0
1,3,16,4,1,37,58,1,3,30,0
1,3,14,1,0,12,27,0,3,45,0
1,3,16,4,0,18,38,1,4,0,0
1,3,56,21,3,0,80,0,4,15,0
1,3,78,11,10,18,117,1,4,30,0
1,3,82,29,0,20,131,1,4,45,0
1,3,102,15,2,7,126,1,5,0,0
1,3,69,14,6,18,107,1,5,15,0
1,3,87,24,6,19,136,1,5,30,0
1,3,84,16,10,5,115,1,5,45,0
1,3,109,38,34,5,186,2,6,0,0
1,3,147,38,23,3,211,2,6,15,0
1,3,135,19,48,5,207,2,6,30,0
1,3,101,23,41,5,170,2,6,45,0
1,3,138,21,28,1,188,2,7,0,0
1,3,136,20,32,1,189,2,7,15,0
1,3,123,19,25,5,172,2,7,30,0
1,3,108,30,46,5,189,2,7,45,0
1,3,128,15,43,5,191,2,8,0,0
1,3,129,37,41,1,208,2,8,15,0
1,3,127,18,28,3,176,2,8,30,0
1,3,142,37,46,3,228,2,8,45,0
1,3,149,26,46,1,222,2,9,0,0
1,3,77,13,7,23,120,3,9,15,0
1,3,37,16,13,29,95,1,9,30,0
1,3,79,8,16,12,115,1,9,45,0
1,3,97,2,16,7,122,1,10,0,0
1,3,22,8,31,8,69,1,10,15,0
1,3,31,23,19,12,85,1,10,30,0
1,3,49,22,16,5,92,1,10,45,0
1,3,32,5,3,21,61,1,11,0,0
1,3,40,6,11,28,85,1,11,15,0
1,3,42,6,10,21,79,1,11,30,0
1,3,37,9,7,25,78,1,11,45,0
1,3,45,5,5,24,79,1,12,0,1
1,3,64,10,4,28,106,1,12,15,1
1,3,33,8,6,23,70,1,12,30,1
1,3,34,6,12,27,79,1,12,45,1
1,3,40,9,5,20,74,1,13,0,1
1,3,64,19,22,12,117,1,13,15,1
1,3,108,24,34,7,173,2,13,30,1
1,3,108,17,33,7,165,3,13,45,1
1,3,50,23,21,11,105,1,14,0,1
1,3,16,21,10,16,63,1,14,15,1
1,3,91,22,34,8,155,3,14,30,1
1,3,89,19,37,18,163,3,14,45,1
1,3,108,12,23,8,151,1,15,0,1
1,3,73,29,23,7,132,1,15,15,1
1,3,76,28,39,14,157,3,15,30,1
1,3,19,15,20,17,71,1,15,45,1
1,3,102,37,48,9,196,2,16,0,1
1,3,115,36,41,8,200,2,16,15,1
1,3,142,23,23,6,194,2,16,30,1
1,3,134,15,29,8,186,2,16,45,1
1,3,146,18,49,9,222,2,17,0,1
1,3,126,24,48,9,207,2,17,15,1
1,3,138,18,27,6,189,2,17,30,1
1,3,129,13,43,6,191,2,17,45,1
1,3,127,35,23,10,195,2,18,0,1
1,3,144,20,22,7,193,2,18,15,1
1,3,117,19,31,7,174,2,18,30,1
1,3,87,10,13,16,126,1,18,45,1
1,3,87,6,18,30,141,3,19,0,1
1,3,97,18,10,24,149,3,19,15,1
1,3,71,21,14,12,118,1,19,30,1
1,3,96,24,18,10,148,1,19,45,1
1,3,90,7,17,31,145,3,20,0,1
1,3,74,6,12,34,126,3,20,15,1
1,3,59,7,15,20,101,1,20,30,1
1,3,87,11,16,28,142,3,20,45,1
1,3,62,22,20,20,124,1,21,0,1
1,3,71,16,14,9,110,0,21,15,1
1,3,98,9,15,18,140,1,21,30,1
1,3,93,8,10,16,127,1,21,45,1
1,3,17,4,0,36,57,1,22,0,1
1,3,16,1,1,29,47,1,22,15,1
1,3,15,2,0,10,27,0,22,30,1
1,3,10,3,1,23,37,1,22,45,1
1,3,12,4,0,31,47,1,23,0,1
1,3,20,1,1,24,46,1,23,15,1
1,3,11,0,1,23,35,1,23,30,1
1,3,14,1,1,17,33,1,23,45,1
2,4,12,5,1,38,56,1,0,0,0
2,4,15,4,1,29,49,1,0,15,0
2,4,12,4,0,40,56,1,0,30,0
2,4,11,5,0,22,38,1,0,45,0
2,4,14,5,1,21,41,1,1,0,0
2,4,14,3,0,39,56,1,1,15,0
2,4,10,4,1,11,26,0,1,30,0
2,4,11,0,0,16,27,1,1,45,0
2,4,12,3,0,39,54,1,2,0,0
2,4,11,0,1,36,48,1,2,15,0
2,4,16,2,0,35,53,1,2,30,0
2,4,17,3,1,36,57,1,2,45,0
2,4,13,1,1,13,28,1,3,0,0
2,4,14,5,0,19,38,1,3,15,0
2,4,17,5,1,15,38,1,3,30,0
2,4,19,3,0,13,35,1,3,45,0
2,4,19,3,1,12,35,0,4,0,0
2,4,54,15,10,8,87,0,4,15,0
2,4,107,0,1,2,110,0,4,30,0
2,4,116,20,5,14,155,1,4,45,0
2,4,78,2,4,9,93,0,5,0,0
2,4,111,22,0,12,145,1,5,15,0
2,4,85,27,7,17,136,1,5,30,0
2,4,95,5,9,20,129,1,5,45,0
2,4,143,33,27,1,204,2,6,0,0
2,4,133,40,37,0,210,2,6,15,0
2,4,123,37,34,4,198,2,6,30,0
2,4,133,34,36,1,204,2,6,45,0
2,4,101,20,42,4,167,1,7,0,0
2,4,145,10,37,0,192,2,7,15,0
2,4,141,39,40,5,225,2,7,30,0
2,4,134,12,22,2,170,2,7,45,0
2,4,126,10,26,4,166,3,8,0,0
2,4,136,22,31,0,189,2,8,15,0
2,4,128,26,42,4,200,2,8,30,0
2,4,106,12,28,4,150,3,8,45,0
2,4,140,27,36,2,205,2,9,0,0
2,4,40,20,37,28,125,3,9,15,0
2,4,13,25,33,12,83,1,9,30,0
2,4,18,22,26,10,76,1,9,45,0
2,4,59,5,36,12,112,3,10,0,0
2,4,48,9,30,14,101,1,10,15,0
2,4,77,23,14,20,134,1,10,30,0
2,4,17,13,13,27,70,1,10,45,0
2,4,36,5,14,25,80,1,11,0,0
2,4,60,10,3,28,101,1,11,15,0
2,4,34,5,4,29,72,1,11,30,0
2,4,63,5,6,20,94,1,11,45,0
2,4,48,10,13,23,94,1,12,0,1
2,4,44,5,5,21,75,1,12,15,1
2,4,62,5,14,23,104,1,12,30,1
2,4,38,8,15,27,88,1,12,45,1
2,4,26,6,9,29,70,1,13,0,1
2,4,78,23,16,13,130,1,13,15,1
2,4,116,21,22,17,176,2,13,30,1
2,4,94,13,11,16,134,1,13,45,1
2,4,52,19,26,10,107,1,14,0,1
2,4,70,13,12,10,105,0,14,15,1
2,4,34,17,21,14,86,1,14,30,1
2,4,16,18,40,6,80,1,14,45,1
2,4,24,20,15,17,76,1,15,0,1
2,4,21,15,33,12,81,1,15,15,1
2,4,100,10,18,7,135,1,15,30,1
2,4,117,22,11,5,155,1,15,45,1
2,4,145,30,40,8,223,1,16,0,1
2,4,113,38,45,7,203,2,16,15,1
2,4,110,31,37,7,185,2,16,30,1
2,4,126,15,26,6,173,2,16,45,1
2,4,100,15,29,7,151,3,17,0,1
2,4,147,28,29,10,214,2,17,15,1
2,4,146,22,50,10,228,2,17,30,1
2,4,148,23,27,5,203,2,17,45,1
2,4,149,17,41,9,216,2,18,0,1
2,4,136,32,41,7,216,2,18,15,1
2,4,101,22,33,9,165,3,18,30,1
2,4,87,18,13,34,152,3,18,45,1
2,4,50,21,14,9,94,0,19,0,1
2,4,63,23,19,34,139,3,19,15,1
2,4,73,9,11,5,98,0,19,30,1
2,4,78,13,20,25,136,3,19,45,1
2,4,71,22,12,14,119,1,20,0,1
2,4,80,17,11,15,123,1,20,15,1
2,4,62,21,10,35,128,3,20,30,1
2,4,100,17,16,33,166,3,20,45,1
2,4,95,15,18,9,137,1,21,0,1
2,4,102,14,15,34,165,3,21,15,1
2,4,68,12,15,32,127,3,21,30,1
2,4,74,5,19,5,103,1,21,45,1
2,4,15,4,1,21,41,1,22,0,1
2,4,16,0,1,24,41,1,22,15,1
2,4,12,0,0,12,24,0,22,30,1
2,4,12,5,0,23,40,1,22,45,1
2,4,15,2,1,14,32,1,23,0,1
2,4,10,3,0,23,36,1,23,15,1
2,4,16,2,0,35,53,1,23,30,1
2,4,13,3,0,22,38,1,23,45,1
3,5,13,0,0,32,45,1,0,0,0
3,5,11,1,0,27,39,1,0,15,0
3,5,17,1,0,32,50,1,0,30,0
3,5,11,2,0,17,30,1,0,45,0
3,5,14,1,1,11,27,0,1,0,0
3,5,17,2,0,33,52,1,1,15,0
3,5,15,2,1,38,56,1,1,30,0
3,5,13,4,1,24,42,1,1,45,0
3,5,11,5,1,11,28,0,2,0,0
3,5,12,3,0,22,37,1,2,15,0
3,5,15,1,0,26,42,1,2,30,0
3,5,13,0,1,34,48,1,2,45,0
3,5,17,5,0,15,37,1,3,0,0
3,5,20,3,1,26,50,1,3,15,0
3,5,18,4,0,30,52,1,3,30,0
3,5,12,1,1,19,33,1,3,45,0
3,5,20,0,0,12,32,0,4,0,0
3,5,29,10,0,12,51,0,4,15,0
3,5,39,20,1,10,70,0,4,30,0
3,5,76,9,7,13,105,1,4,45,0
3,5,33,17,0,13,63,1,5,0,0
3,5,64,14,1,12,91,0,5,15,0
3,5,44,7,1,11,63,0,5,30,0
3,5,53,8,4,15,80,1,5,45,0
3,5,75,6,7,13,101,1,6,0,0
3,5,60,11,4,10,85,0,6,15,0
3,5,35,14,2,14,65,1,6,30,0
3,5,75,20,6,15,116,1,6,45,0
3,5,27,10,2,12,51,0,7,0,0
3,5,61,20,7,14,102,1,7,15,0
3,5,72,20,5,15,112,1,7,30,0
3,5,43,18,6,14,81,1,7,45,0
3,5,54,10,4,14,82,1,8,0,0
3,5,30,12,1,14,57,1,8,15,0
3,5,72,8,6,12,98,0,8,30,0
3,5,55,17,7,15,94,1,8,45,0
3,5,36,20,0,13,69,1,9,0,0
3,5,168,55,10,0,233,2,9,15,0
3,5,135,61,28,2,226,2,9,30,0
3,5,168,68,27,2,265,2,9,45,0
3,5,139,44,16,1,200,2,10,0,0
3,5,156,63,12,3,234,2,10,15,0
3,5,141,51,27,3,222,2,10,30,0
3,5,144,44,16,3,207,2,10,45,0
3,5,132,65,23,0,220,2,11,0,0
3,5,180,48,17,2,247,2,11,15,0
3,5,140,67,20,4,231,2,11,30,0
3,5,163,62,12,0,237,2,11,45,0
3,5,148,70,15,0,233,2,12,0,1
3,5,134,47,22,3,206,2,12,15,1
3,5,162,51,13,0,226,2,12,30,1
3,5,136,49,15,1,201,2,12,45,1
3,5,147,52,26,0,225,2,13,0,1
3,5,174,54,25,1,254,2,13,15,1
3,5,135,69,20,1,225,2,13,30,1
3,5,142,55,21,1,219,2,13,45,1
3,5,144,59,14,2,219,2,14,0,1
3,5,180,49,17,0,246,2,14,15,1
3,5,153,59,20,4,236,2,14,30,1
3,5,139,43,27,3,212,2,14,45,1
3,5,179,60,12,0,251,2,15,0,1
3,5,76,21,6,1,104,0,15,15,1
3,5,59,25,19,1,104,1,15,30,1
3,5,51,20,12,1,84,0,15,45,1
3,5,78,24,19,2,123,1,16,0,1
3,5,50,24,11,0,85,0,16,15,1
3,5,59,25,8,0,92,0,16,30,1
3,5,90,21,0,0,111,0,16,45,1
3,5,79,26,21,2,128,1,17,0,1
3,5,56,21,4,1,82,0,17,15,1
3,5,70,25,11,2,108,0,17,30,1
3,5,54,27,21,2,104,1,17,45,1
3,5,53,22,13,2,90,0,18,0,1
3,5,59,27,5,2,93,0,18,15,1
3,5,63,30,21,0,114,1,18,30,1
3,5,87,21,16,0,124,1,18,45,1
3,5,71,26,19,1,117,1,19,0,1
3,5,32,5,5,13,55,1,19,15,1
3,5,36,6,7,2,51,0,19,30,1
3,5,35,10,0,2,47,0,19,45,1
3,5,40,10,5,10,65,0,20,0,1
3,5,44,6,1,3,54,0,20,15,1
3,5,40,6,1,3,50,0,20,30,1
3,5,45,2,7,7,61,0,20,45,1
3,5,44,2,6,5,57,0,21,0,1
3,5,33,4,4,5,46,0,21,15,1
3,5,22,5,3,13,43,1,21,30,1
3,5,33,5,5,1,44,0,21,45,1
3,5,10,0,0,29,39,1,22,0,1
3,5,19,3,1,35,58,1,22,15,1
3,5,10,4,0,30,44,1,22,30,1
3,5,12,3,1,25,41,1,22,45,1
3,5,12,1,0,40,53,1,23,0,1
3,5,20,2,0,19,41,1,23,15,1
3,5,18,4,1,11,34,0,23,30,1
3,5,19,1,1,37,58,1,23,45,1
4,6,13,2,0,25,40,1,0,0,0
4,6,16,4,1,15,36,1,0,15,0
4,6,10,4,1,16,31,1,0,30,0
4,6,18,3,0,19,40,1,0,45,0
4,6,15,5,0,10,30,0,1,0,0
4,6,14,2,1,22,39,1,1,15,0
4,6,15,0,0,15,30,1,1,30,0
4,6,17,5,0,21,43,1,1,45,0
4,6,14,0,1,12,27,0,2,0,0
4,6,10,1,0,11,22,0,2,15,0
4,6,18,5,0,18,41,1,2,30,0
4,6,12,4,0,11,27,0,2,45,0
4,6,17,0,1,30,48,1,3,0,0
4,6,20,1,0,28,49,1,3,15,0
4,6,19,5,1,38,63,1,3,30,0
4,6,15,0,0,36,51,1,3,45,0
4,6,10,2,0,30,42,1,4,0,0
4,6,74,4,4,13,95,1,4,15,0
4,6,96,29,6,17,148,1,4,30,0
4,6,109,16,6,12,143,1,4,45,0
4,6,113,6,9,10,138,1,5,0,0
4,6,90,24,8,20,142,1,5,15,0
4,6,106,19,10,17,152,1,5,30,0
4,6,96,7,6,4,113,1,5,45,0
4,6,102,21,42,3,168,2,6,0,0
4,6,140,35,50,0,225,2,6,15,0
4,6,105,33,29,4,171,2,6,30,0
4,6,134,26,27,1,188,2,6,45,0
4,6,123,35,45,1,204,2,7,0,0
4,6,128,31,26,0,185,2,7,15,0
4,6,105,32,43,0,180,2,7,30,0
4,6,137,13,31,5,186,2,7,45,0
4,6,148,37,46,2,233,2,8,0,0
4,6,105,14,35,2,156,3,8,15,0
4,6,148,17,42,5,212,2,8,30,0
4,6,116,22,30,3,171,2,8,45,0
4,6,143,28,46,1,218,2,9,0,0
4,6,30,24,13,13,80,1,9,15,0
4,6,74,23,35,10,142,3,9,30,0
4,6,67,5,36,17,125,3,9,45,0
4,6,59,11,33,25,128,3,10,0,0
4,6,34,21,39,16,110,1,10,15,0
4,6,72,24,10,9,115,1,10,30,0
4,6,73,12,32,5,122,3,10,45,0
4,6,26,8,8,24,66,1,11,0,0
4,6,47,5,7,28,87,1,11,15,0
4,6,33,10,6,29,78,1,11,30,0
4,6,39,8,13,20,80,1,11,45,0
4,6,36,5,14,22,77,1,12,0,1
4,6,53,9,15,25,102,1,12,15,1
4,6,37,9,10,30,86,1,12,30,1
4,6,54,8,4,27,93,1,12,45,1
4,6,20,8,15,26,69,1,13,0,1
4,6,47,29,28,9,113,3,13,15,1
4,6,51,27,10,20,108,1,13,30,1
4,6,114,11,40,20,185,2,13,45,1
4,6,73,13,19,9,114,1,14,0,1
4,6,28,19,27,5,79,1,14,15,1
4,6,105,20,20,11,156,1,14,30,1
4,6,68,24,15,14,121,1,14,45,1
4,6,112,16,30,11,169,2,15,0,1
4,6,120,30,28,15,193,2,15,15,1
4,6,38,27,12,18,95,1,15,30,1
4,6,94,17,14,15,140,1,15,45,1
4,6,107,28,45,8,188,2,16,0,1
4,6,100,16,49,7,172,2,16,15,1
4,6,145,15,20,9,189,2,16,30,1
4,6,133,17,22,8,180,2,16,45,1
4,6,117,36,41,10,204,2,17,0,1
4,6,113,26,26,8,173,2,17,15,1
4,6,101,20,21,9,151,1,17,30,1
4,6,149,33,45,10,237,2,17,45,1
4,6,134,35,26,7,202,2,18,0,1
4,6,106,11,45,9,171,2,18,15,1
4,6,121,37,34,6,198,2,18,30,1
4,6,97,13,11,15,136,1,18,45,1
4,6,91,17,18,29,155,3,19,0,1
4,6,57,16,13,19,105,1,19,15,1
4,6,110,10,10,20,150,1,19,30,1
4,6,71,14,17,30,132,3,19,45,1
4,6,89,25,20,24,158,3,20,0,1
4,6,87,16,15,14,132,1,20,15,1
4,6,106,12,16,9,143,1,20,30,1
4,6,78,10,19,20,127,1,20,45,1
4,6,61,10,16,27,114,3,21,0,1
4,6,74,19,15,24,132,3,21,15,1
4,6,56,20,11,25,112,3,21,30,1
4,6,106,22,16,18,162,1,21,45,1
4,6,10,1,1,12,24,0,22,0,1
4,6,12,4,1,33,50,1,22,15,1
4,6,16,4,0,16,36,1,22,30,1
4,6,18,1,0,18,37,1,22,45,1
4,6,19,2,0,36,57,1,23,0,1
4,6,18,4,1,35,58,1,23,15,1
4,6,17,0,0,31,48,1,23,30,1
4,6,18,1,0,16,35,1,23,45,1
5,7,15,4,0,37,56,1,0,0,0
5,7,11,5,0,14,30,1,0,15,0
5,7,11,5,0,22,38,1,0,30,0
5,7,12,2,1,37,52,1,0,45,0
5,7,18,1,1,34,54,1,1,0,0
5,7,19,1,0,11,31,0,1,15,0
5,7,11,4,1,26,42,1,1,30,0
5,7,18,3,0,28,49,1,1,45,0
5,7,12,4,1,37,54,1,2,0,0
5,7,11,1,1,29,42,1,2,15,0
5,7,19,5,1,29,54,1,2,30,0
5,7,18,4,0,11,33,0,2,45,0
5,7,16,4,0,29,49,1,3,0,0
5,7,19,4,1,33,57,1,3,15,0
5,7,15,3,1,12,31,0,3,30,0
5,7,16,4,1,28,49,1,3,45,0
5,7,11,4,0,20,35,1,4,0,0
5,7,93,4,1,16,114,1,4,15,0
5,7,114,12,7,18,151,1,4,30,0
5,7,56,7,5,20,88,1,4,45,0
5,7,92,23,3,19,137,1,5,0,0
5,7,99,6,6,7,118,1,5,15,0
5,7,108,14,6,9,137,1,5,30,0
5,7,66,20,2,16,104,1,5,45,0
5,7,147,26,44,5,222,2,6,0,0
5,7,139,27,29,1,196,2,6,15,0
5,7,119,31,36,5,191,2,6,30,0
5,7,114,30,21,2,167,1,6,45,0
5,7,103,27,21,4,155,1,7,0,0
5,7,105,17,29,4,155,3,7,15,0
5,7,124,29,41,1,195,2,7,30,0
5,7,118,19,34,1,172,2,7,45,0
5,7,101,37,32,0,170,2,8,0,0
5,7,109,11,48,1,169,2,8,15,0
5,7,143,12,23,3,181,2,8,30,0
5,7,143,40,30,0,213,2,8,45,0
5,7,128,16,34,0,178,2,9,0,0
5,7,14,25,14,16,69,1,9,15,0
5,7,99,10,11,15,135,1,9,30,0
5,7,67,1,22,14,104,1,9,45,0
5,7,42,2,29,9,82,1,10,0,0
5,7,92,3,33,21,149,3,10,15,0
5,7,91,16,28,9,144,3,10,30,0
5,7,25,9,10,28,72,1,10,45,0
5,7,37,5,12,29,83,1,11,0,0
5,7,55,6,12,29,102,1,11,15,0
5,7,49,8,8,26,91,1,11,30,0
5,7,69,9,3,20,101,1,11,45,0
5,7,38,6,6,24,74,1,12,0,1
5,7,40,8,12,21,81,1,12,15,1
5,7,53,5,3,20,81,1,12,30,1
5,7,21,8,4,28,61,1,12,45,1
5,7,24,7,4,20,55,1,13,0,1
5,7,47,24,24,9,104,1,13,15,1
5,7,90,30,32,8,160,3,13,30,1
5,7,120,21,22,14,177,2,13,45,1
5,7,120,12,40,13,185,2,14,0,1
5,7,66,14,21,7,108,1,14,15,1
5,7,89,24,12,6,131,1,14,30,1
5,7,80,17,16,5,118,1,14,45,1
5,7,114,21,10,9,154,1,15,0,1
5,7,94,20,7,10,131,1,15,15,1
5,7,70,18,28,5,121,3,15,30,1
5,7,56,17,15,8,96,0,15,45,1
5,7,141,15,20,6,182,2,16,0,1
5,7,150,19,46,7,222,2,16,15,1
5,7,119,37,22,8,186,2,16,30,1
5,7,144,14,44,5,207,2,16,45,1
5,7,110,25,46,6,187,2,17,0,1
5,7,138,15,31,10,194,2,17,15,1
5,7,140,35,41,5,221,2,17,30,1
5,7,103,24,28,8,163,3,17,45,1
5,7,142,27,30,5,204,2,18,0,1
5,7,149,13,22,9,193,2,18,15,1
5,7,126,40,39,8,213,2,18,30,1
5,7,78,15,14,28,135,3,18,45,1
5,7,102,15,11,29,157,3,19,0,1
5,7,96,22,20,12,150,1,19,15,1
5,7,110,24,15,14,163,1,19,30,1
5,7,97,22,17,13,149,1,19,45,1
5,7,53,19,11,18,101,1,20,0,1
5,7,82,8,17,29,136,3,20,15,1
5,7,91,24,18,29,162,3,20,30,1
5,7,102,6,14,35,157,3,20,45,1
5,7,109,6,15,18,148,1,21,0,1
5,7,78,16,13,27,134,3,21,15,1
5,7,66,12,16,33,127,3,21,30,1
5,7,100,17,15,22,154,3,21,45,1
5,7,15,1,1,25,42,1,22,0,1
5,7,16,1,0,33,50,1,22,15,1
5,7,19,4,0,26,49,1,22,30,1
5,7,10,0,1,34,45,1,22,45,1
5,7,14,0,0,28,42,1,23,0,1
5,7,13,2,0,22,37,1,23,15,1
5,7,18,5,1,20,44,1,23,30,1
5,7,18,4,0,18,40,1,23,45,1
6,1,11,3,0,26,40,1,0,0,0
6,1,13,1,0,24,38,1,0,15,0
6,1,19,5,1,15,40,1,0,30,0
6,1,11,3,1,28,43,1,0,45,0
6,1,11,1,1,40,53,1,1,0,0
6,1,18,4,1,28,51,1,1,15,0
6,1,15,2,1,16,34,1,1,30,0
6,1,20,0,0,27,47,1,1,45,0
6,1,14,5,0,17,36,1,2,0,0
6,1,11,3,1,10,25,0,2,15,0
6,1,18,5,0,22,45,1,2,30,0
6,1,12,4,0,16,32,1,2,45,0
6,1,10,2,0,24,36,1,3,0,0
6,1,20,0,1,36,57,1,3,15,0
6,1,20,1,0,29,50,1,3,30,0
6,1,16,4,0,24,44,1,3,45,0
6,1,18,3,0,22,43,1,4,0,0
6,1,88,11,10,3,112,1,4,15,0
6,1,114,5,9,7,135,1,4,30,0
6,1,103,3,9,17,132,1,4,45,0
6,1,81,16,7,14,118,1,5,0,0
6,1,94,1,9,3,107,0,5,15,0
6,1,56,11,9,15,91,1,5,30,0
6,1,80,16,5,10,111,0,5,45,0
6,1,138,35,47,4,224,2,6,0,0
6,1,123,27,22,4,176,2,6,15,0
6,1,114,30,36,2,182,2,6,30,0
6,1,122,30,37,2,191,2,6,45,0
6,1,148,10,28,2,188,2,7,0,0
6,1,127,38,48,0,213,2,7,15,0
6,1,113,32,44,1,190,2,7,30,0
6,1,131,26,40,1,198,2,7,45,0
6,1,108,27,44,5,184,2,8,0,0
6,1,109,19,49,3,180,2,8,15,0
6,1,125,15,28,3,171,2,8,30,0
6,1,139,30,35,4,208,2,8,45,0
6,1,103,35,50,2,190,2,9,0,0
6,1,64,13,40,12,129,3,9,15,0
6,1,79,1,10,30,120,3,9,30,0
6,1,50,2,7,14,73,1,9,45,0
6,1,84,18,18,28,148,3,10,0,0
6,1,99,16,39,26,180,2,10,15,0
6,1,42,3,27,18,90,1,10,30,0
6,1,53,2,29,24,108,1,10,45,0
6,1,63,10,8,28,109,1,11,0,0
6,1,24,8,3,20,55,1,11,15,0
6,1,46,8,6,26,86,1,11,30,0
6,1,20,7,8,26,61,1,11,45,0
6,1,41,8,7,27,83,1,12,0,1
6,1,44,5,3,28,80,1,12,15,1
6,1,33,6,14,28,81,1,12,30,1
6,1,30,9,7,25,71,1,12,45,1
6,1,68,7,5,25,105,1,13,0,1
6,1,28,29,26,5,88,1,13,15,1
6,1,96,20,14,18,148,1,13,30,1
6,1,24,15,26,13,78,1,13,45,1
6,1,70,21,32,18,141,3,14,0,1
6,1,49,21,11,20,101,1,14,15,1
6,1,51,22,12,16,101,1,14,30,1
6,1,84,12,15,15,126,1,14,45,1
6,1,99,18,7,20,144,1,15,0,1
6,1,106,10,9,8,133,1,15,15,1
6,1,6,11,34,20,71,1,15,30,1
6,1,59,29,15,16,119,1,15,45,1
6,1,139,25,41,5,210,2,16,0,1
6,1,109,12,49,6,176,2,16,15,1
6,1,124,24,47,9,204,2,16,30,1
6,1,135,29,39,7,210,2,16,45,1
6,1,137,15,37,7,196,2,17,0,1
6,1,119,28,46,9,202,2,17,15,1
6,1,127,21,28,5,181,2,17,30,1
6,1,109,37,44,9,199,2,17,45,1
6,1,145,27,35,7,214,2,18,0,1
6,1,133,36,28,6,203,2,18,15,1
6,1,138,19,36,5,198,2,18,30,1
6,1,73,5,20,10,108,1,18,45,1
6,1,83,11,14,33,141,3,19,0,1
6,1,89,8,10,19,126,1,19,15,1
6,1,99,19,18,24,160,3,19,30,1
6,1,54,17,14,8,93,0,19,45,1
6,1,58,18,14,6,96,0,20,0,1
6,1,56,16,12,9,93,0,20,15,1
6,1,77,6,20,5,108,1,20,30,1
6,1,85,6,18,17,126,1,20,45,1
6,1,105,14,13,32,164,3,21,0,1
6,1,96,21,11,24,152,3,21,15,1
6,1,66,22,17,16,121,1,21,30,1
6,1,88,15,19,14,136,1,21,45,1
6,1,16,1,1,24,42,1,22,0,1
6,1,13,1,0,11,25,0,22,15,1
6,1,13,5,1,23,42,1,22,30,1
6,1,19,5,0,37,61,1,22,45,1
6,1,19,1,0,31,51,1,23,0,1
6,1,11,5,0,19,35,1,23,15,1
6,1,18,3,0,32,53,1,23,30,1
6,1,17,1,1,38,57,1,23,45,1
7,2,17,3,0,20,40,1,0,0,0
7,2,18,4,1,19,42,1,0,15,0
7,2,19,3,0,24,46,1,0,30,0
7,2,16,3,0,15,34,1,0,45,0
7,2,12,5,1,21,39,1,1,0,0
7,2,17,3,0,36,56,1,1,15,0
7,2,19,4,1,21,45,1,1,30,0
7,2,13,5,0,20,38,1,1,45,0
7,2,14,0,1,37,52,1,2,0,0
7,2,14,5,0,39,58,1,2,15,0
7,2,13,1,0,19,33,1,2,30,0
7,2,18,5,1,25,49,1,2,45,0
7,2,15,1,1,15,32,1,3,0,0
7,2,19,2,0,30,51,1,3,15,0
7,2,18,2,1,27,48,1,3,30,0
7,2,13,1,0,38,52,1,3,45,0
7,2,19,2,0,32,53,1,4,0,0
7,2,116,0,1,9,126,1,4,15,0
7,2,60,12,8,15,95,1,4,30,0
7,2,82,15,0,19,116,1,4,45,0
7,2,67,23,7,3,100,0,5,0,0
7,2,59,27,10,18,114,1,5,15,0
7,2,66,6,9,5,86,0,5,30,0
7,2,120,10,3,16,149,1,5,45,0
7,2,121,22,30,0,173,2,6,0,0
7,2,130,27,39,5,201,2,6,15,0
7,2,139,31,44,3,217,2,6,30,0
7,2,129,14,43,5,191,2,6,45,0
7,2,131,28,43,5,207,2,7,0,0
7,2,119,39,24,1,183,2,7,15,0
7,2,142,25,34,5,206,2,7,30,0
7,2,123,22,22,3,170,2,7,45,0
7,2,106,19,38,4,167,1,8,0,0
7,2,115,39,20,2,176,2,8,15,0
7,2,111,17,32,1,161,3,8,30,0
7,2,144,26,50,3,223,1,8,45,0
7,2,126,31,48,2,207,2,9,0,0
7,2,73,22,21,29,145,3,9,15,0
7,2,28,7,25,18,78,1,9,30,0
7,2,31,10,40,9,90,1,9,45,0
7,2,51,14,33,14,112,3,10,0,0
7,2,22,7,39,23,91,1,10,15,0
7,2,46,5,11,21,83,1,10,30,0
7,2,72,22,21,27,142,3,10,45,0
7,2,70,5,5,29,109,1,11,0,0
7,2,28,9,9,24,70,1,11,15,0
7,2,44,5,11,23,83,1,11,30,0
7,2,27,6,13,30,76,1,11,45,0
7,2,20,6,6,23,55,1,12,0,1
7,2,29,7,3,28,67,1,12,15,1
7,2,20,6,5,27,58,1,12,30,1
7,2,65,9,15,22,111,1,12,45,1
7,2,36,5,6,20,67,1,13,0,1
7,2,99,21,21,6,147,1,13,15,1
7,2,101,21,34,18,174,2,13,30,1
7,2,98,29,34,12,173,2,13,45,1
7,2,113,20,7,13,153,1,14,0,1
7,2,75,24,27,7,133,3,14,15,1
7,2,71,21,38,11,141,3,14,30,1
7,2,119,13,32,7,171,2,14,45,1
7,2,114,11,39,13,177,2,15,0,1
7,2,99,26,8,11,144,1,15,15,1
7,2,39,12,21,9,81,1,15,30,1
7,2,114,26,16,20,176,2,15,45,1
7,2,120,32,39,9,200,2,16,0,1
7,2,143,24,35,6,208,2,16,15,1
7,2,121,28,21,5,175,2,16,30,1
7,2,134,23,28,10,195,2,16,45,1
7,2,103,13,37,10,163,3,17,0,1
7,2,122,12,48,10,192,2,17,15,1
7,2,145,39,23,6,213,2,17,30,1
7,2,105,13,48,10,176,2,17,45,1
7,2,144,13,40,10,207,2,18,0,1
7,2,103,18,40,5,166,3,18,15,1
7,2,120,15,34,8,177,2,18,30,1
7,2,56,19,16,13,104,1,18,45,1
7,2,56,5,17,14,92,1,19,0,1
7,2,108,15,13,5,141,1,19,15,1
7,2,58,23,14,34,129,3,19,30,1
7,2,58,13,11,33,115,3,19,45,1
7,2,76,24,14,15,129,1,20,0,1
7,2,69,8,13,28,118,3,20,15,1
7,2,54,9,12,10,85,0,20,30,1
7,2,89,7,10,10,116,1,20,45,1
7,2,110,18,18,10,156,1,21,0,1
7,2,86,12,17,18,133,1,21,15,1
7,2,82,7,16,9,114,1,21,30,1
7,2,102,5,19,11,137,1,21,45,1
7,2,16,5,0,21,42,1,22,0,1
7,2,11,3,1,39,54,1,22,15,1
7,2,18,5,0,11,34,0,22,30,1
7,2,12,0,1,32,45,1,22,45,1
7,2,15,4,1,39,59,1,23,0,1
7,2,15,4,0,26,45,1,23,15,1
7,2,13,1,0,30,44,1,23,30,1
7,2,12,3,0,28,43,1,23,45,1
8,3,17,2,1,20,40,1,0,0,0
8,3,14,5,1,33,53,1,0,15,0
8,3,16,3,1,11,31,0,0,30,0
8,3,18,2,1,13,34,1,0,45,0
8,3,12,2,1,17,32,1,1,0,0
8,3,17,4,1,15,37,1,1,15,0
8,3,18,1,1,25,45,1,1,30,0
8,3,20,1,1,10,32,0,1,45,0
8,3,15,1,0,21,37,1,2,0,0
8,3,11,3,1,34,49,1,2,15,0
8,3,19,0,1,13,33,1,2,30,0
8,3,10,3,0,14,27,1,2,45,0
8,3,17,5,1,17,40,1,3,0,0
8,3,16,1,0,11,28,0,3,15,0
8,3,11,0,1,33,45,1,3,30,0
8,3,10,5,0,39,54,1,3,45,0
8,3,12,3,0,32,47,1,4,0,0
8,3,106,16,10,10,142,1,4,15,0
8,3,69,18,0,12,99,0,4,30,0
8,3,103,26,6,12,147,1,4,45,0
8,3,99,25,6,6,136,1,5,0,0
8,3,85,9,4,11,109,0,5,15,0
8,3,109,0,3,8,120,1,5,30,0
8,3,106,27,1,6,140,1,5,45,0
8,3,133,28,31,3,195,2,6,0,0
8,3,108,39,34,5,186,2,6,15,0
8,3,101,12,48,1,162,3,6,30,0
8,3,145,11,29,1,186,2,6,45,0
8,3,112,33,29,3,177,2,7,0,0
8,3,111,18,32,4,165,3,7,15,0
8,3,133,39,44,2,218,2,7,30,0
8,3,115,34,37,5,191,2,7,45,0
8,3,135,35,38,3,211,2,8,0,0
8,3,142,40,28,3,213,2,8,15,0
8,3,124,11,27,2,164,3,8,30,0
8,3,122,29,31,5,187,2,8,45,0
8,3,101,19,23,5,148,1,9,0,0
8,3,72,5,15,20,112,1,9,15,0
8,3,100,13,23,9,145,1,9,30,0
8,3,32,10,33,8,83,1,9,45,0
8,3,42,25,37,12,116,3,10,0,0
8,3,81,25,40,20,166,3,10,15,0
8,3,56,18,9,23,106,1,10,30,0
8,3,84,9,31,17,141,3,10,45,0
8,3,36,9,8,28,81,1,11,0,0
8,3,32,5,11,27,75,1,11,15,0
8,3,26,7,15,27,75,1,11,30,0
8,3,34,5,5,22,66,1,11,45,0
8,3,66,9,6,30,111,1,12,0,1
8,3,69,10,4,24,107,1,12,15,1
8,3,44,7,9,20,80,1,12,30,1
8,3,58,10,5,27,100,1,12,45,1
8,3,27,6,14,30,77,1,13,0,1
8,3,19,21,25,15,80,1,13,15,1
8,3,39,15,30,8,92,1,13,30,1
8,3,109,21,10,12,152,1,13,45,1
8,3,93,10,9,15,127,1,14,0,1
8,3,73,16,12,11,112,1,14,15,1
8,3,111,18,29,16,174,2,14,30,1
8,3,37,20,10,19,86,1,14,45,1
8,3,74,23,13,20,130,1,15,0,1
8,3,32,28,35,6,101,1,15,15,1
8,3,34,23,19,17,93,1,15,30,1
8,3,59,25,9,20,113,1,15,45,1
8,3,145,12,24,8,189,2,16,0,1
8,3,118,17,28,8,171,2,16,15,1
8,3,145,20,47,8,220,2,16,30,1
8,3,140,25,46,10,221,2,16,45,1
8,3,120,35,43,7,205,2,17,0,1
8,3,126,24,31,7,188,2,17,15,1
8,3,106,22,43,5,176,2,17,30,1
8,3,137,40,28,9,214,2,17,45,1
8,3,108,40,25,6,179,2,18,0,1
8,3,135,15,50,6,206,2,18,15,1
8,3,121,21,49,8,199,2,18,30,1
8,3,59,6,20,6,91,1,18,45,1
8,3,59,13,18,27,117,3,19,0,1
8,3,103,7,15,15,140,1,19,15,1
8,3,56,14,14,31,115,3,19,30,1
8,3,106,23,12,9,150,1,19,45,1
8,3,109,5,16,17,147,1,20,0,1
8,3,110,5,20,11,146,1,20,15,1
8,3,86,15,15,23,139,3,20,30,1
8,3,91,18,19,26,154,3,20,45,1
8,3,99,19,15,28,161,3,21,0,1
8,3,93,14,20,17,144,1,21,15,1
8,3,89,25,13,23,150,3,21,30,1
8,3,107,15,12,24,158,3,21,45,1
8,3,16,5,0,14,35,1,22,0,1
8,3,14,5,1,20,40,1,22,15,1
8,3,18,3,0,24,45,1,22,30,1
8,3,12,3,0,40,55,1,22,45,1
8,3,14,4,1,27,46,1,23,0,1
8,3,18,5,1,15,39,1,23,15,1
8,3,10,4,1,23,38,1,23,30,1
8,3,10,5,0,14,29,1,23,45,1
9,4,14,3,0,28,45,1,0,0,0
9,4,10,2,0,38,50,1,0,15,0
9,4,19,0,0,32,51,1,0,30,0
9,4,20,3,0,19,42,1,0,45,0
9,4,18,3,0,14,35,1,1,0,0
9,4,11,2,0,12,25,0,1,15,0
9,4,17,1,1,13,32,1,1,30,0
9,4,10,0,1,36,47,1,1,45,0
9,4,17,0,0,32,49,1,2,0,0
9,4,20,5,1,22,48,1,2,15,0
9,4,12,3,0,17,32,1,2,30,0
9,4,13,0,0,31,44,1,2,45,0
9,4,11,1,1,35,48,1,3,0,0
9,4,18,2,0,19,39,1,3,15,0
9,4,15,0,1,24,40,1,3,30,0
9,4,14,3,0,25,42,1,3,45,0
9,4,12,0,1,16,29,1,4,0,0
9,4,85,24,5,5,119,1,4,15,0
9,4,71,22,5,2,100,0,4,30,0
9,4,108,4,5,3,120,1,4,45,0
9,4,63,29,5,15,112,1,5,0,0
9,4,62,12,3,18,95,1,5,15,0
9,4,118,15,3,11,147,1,5,30,0
9,4,90,21,2,14,127,1,5,45,0
9,4,141,30,31,1,203,2,6,0,0
9,4,126,31,33,2,192,2,6,15,0
9,4,112,26,30,4,172,2,6,30,0
9,4,112,12,38,4,166,3,6,45,0
9,4,144,14,33,4,195,2,7,0,0
9,4,127,13,36,1,177,2,7,15,0
9,4,146,10,44,5,205,2,7,30,0
9,4,146,22,26,4,198,2,7,45,0
9,4,101,10,48,5,164,3,8,0,0
9,4,104,19,24,4,151,1,8,15,0
9,4,150,20,43,0,213,2,8,30,0
9,4,110,35,45,2,192,2,8,45,0
9,4,139,15,28,2,184,2,9,0,0
9,4,99,17,32,7,155,3,9,15,0
9,4,22,15,7,19,63,1,9,30,0
9,4,11,12,21,24,68,1,9,45,0
9,4,47,20,18,16,101,1,10,0,0
9,4,54,1,35,26,116,3,10,15,0
9,4,26,16,13,16,71,1,10,30,0
9,4,99,18,39,19,175,2,10,45,0
9,4,31,9,11,28,79,1,11,0,0
9,4,24,8,13,23,68,1,11,15,0
9,4,21,7,9,20,57,1,11,30,0
9,4,60,10,5,25,100,1,11,45,0
9,4,29,9,12,21,71,1,12,0,1
9,4,37,7,14,28,86,1,12,15,1
9,4,53,7,11,22,93,1,12,30,1
9,4,35,5,15,25,80,1,12,45,1
9,4,53,6,10,28,97,1,13,0,1
9,4,114,18,17,8,157,1,13,15,1
9,4,95,28,22,9,154,1,13,30,1
9,4,62,23,38,19,142,3,13,45,1
9,4,70,28,12,12,122,1,14,0,1
9,4,35,20,10,8,73,0,14,15,1
9,4,60,23,10,20,113,1,14,30,1
9,4,40,22,25,9,96,1,14,45,1
9,4,53,21,6,11,91,0,15,0,1
9,4,99,16,38,7,160,3,15,15,1
9,4,86,21,31,18,156,3,15,30,1
9,4,79,28,35,13,155,3,15,45,1
9,4,146,25,33,8,212,2,16,0,1
9,4,116,24,36,6,182,2,16,15,1
9,4,107,14,44,5,170,2,16,30,1
9,4,115,20,27,9,171,2,16,45,1
9,4,113,23,43,6,185,2,17,0,1
9,4,102,20,31,5,158,3,17,15,1
9,4,138,27,21,7,193,2,17,30,1
9,4,146,13,38,9,206,2,17,45,1
9,4,139,33,41,7,220,2,18,0,1
9,4,130,24,48,9,211,2,18,15,1
9,4,135,31,34,8,208,2,18,30,1
9,4,106,22,16,20,164,1,18,45,1
9,4,109,23,14,26,172,2,19,0,1
9,4,108,24,19,10,161,1,19,15,1
9,4,50,16,16,11,93,1,19,30,1
9,4,102,22,17,10,151,1,19,45,1
9,4,72,25,10,27,134,3,20,0,1
9,4,91,13,18,13,135,1,20,15,1
9,4,67,19,11,8,105,0,20,30,1
9,4,61,14,10,5,90,0,20,45,1
9,4,107,13,14,28,162,3,21,0,1
9,4,91,5,12,34,142,3,21,15,1
9,4,106,18,13,27,164,3,21,30,1
9,4,107,14,10,18,149,1,21,45,1
9,4,17,4,1,20,42,1,22,0,1
9,4,11,4,1,30,46,1,22,15,1
9,4,11,4,0,23,38,1,22,30,1
9,4,16,3,1,36,56,1,22,45,1
9,4,11,0,1,30,42,1,23,0,1
9,4,15,4,1,25,45,1,23,15,1
9,4,16,5,0,27,48,1,23,30,1
9,4,14,3,1,15,33,1,23,45,1
